Kind,Name,CountClassCoupled,CountClassDerived,CountDeclInstanceMethod,CountDeclInstanceVariable,CountDeclMethodAll,CountDeclMethodPrivate,CountDeclMethodPublic,CountLineCode,MaxInheritanceTree,PercentLackOfCohesion,SumCyclomatic,ALTER
Public Class,io.seata.common.thread.NamedThreadFactory,1,0,4,4,4,0,4,33,1,56,7,YES
Public Class,io.seata.common.thread.NamedThreadFactoryTest,1,0,3,0,3,0,3,34,1,0,8,YES
Public Class,io.seata.core.context.RootContext,5,0,1,0,16,1,15,103,1,59,30,YES
Public Class,io.seata.core.protocol.Version,2,0,1,0,7,3,4,50,1,0,12,YES
Public Class,io.seata.core.rpc.netty.RmNettyRemotingClient,22,0,14,4,52,2,12,174,3,82,35,YES
Public Class,io.seata.core.rpc.netty.TmNettyRemotingClient,20,0,13,6,52,3,10,139,3,87,24,YES
Public Class,io.seata.discovery.loadbalance.ConsistentHashLoadBalance,5,0,1,0,3,0,0,49,2,0,1,YES
Public Class,io.seata.discovery.loadbalance.LeastActiveLoadBalance,1,0,1,0,3,0,0,23,2,0,5,YES
Public Class,io.seata.discovery.loadbalance.LoadBalanceTest,6,0,5,0,6,0,5,87,1,0,17,YES
Public Class,io.seata.discovery.loadbalance.RandomLoadBalance,0,0,1,0,3,0,0,7,2,0,1,YES
Public Class,io.seata.discovery.loadbalance.RoundRobinLoadBalance,0,0,2,1,4,1,0,17,2,50,5,YES
Public Class,io.seata.discovery.registry.zk.ZookeeperRegisterServiceImpl,6,0,18,0,19,10,6,217,1,94,50,YES
Public Class,io.seata.integration.http.MockResponse,0,0,2,1,2,0,2,21,1,0,3,YES
Public Class,io.seata.integration.http.MockWebServer,12,0,5,1,6,2,4,90,1,66,20,YES
Public Class,io.seata.saga.engine.config.DbStateMachineConfig,10,0,20,9,65,0,21,125,2,84,28,YES
Public Class,io.seata.saga.engine.db.StateMachineDBTests,13,0,31,2,34,6,26,599,2,70,48,YES
Public Class,io.seata.saga.engine.impl.DefaultStateMachineConfig,37,1,44,20,44,0,40,305,1,93,67,YES
Public Class,io.seata.saga.engine.impl.ProcessCtrlStateMachineEngine,27,0,23,1,24,6,15,490,1,58,104,YES
Public Class,io.seata.saga.engine.mock.MockGlobalTransaction,4,0,14,2,14,0,14,55,1,78,14,YES
Public Class,io.seata.saga.engine.pcext.handlers.ChoiceStateHandler,10,0,2,0,2,0,2,40,1,0,8,YES
Public Class,io.seata.saga.engine.pcext.handlers.CompensationTriggerStateHandler,11,0,1,0,1,0,1,35,1,0,6,YES
Public Class,io.seata.saga.engine.pcext.handlers.SubStateMachineHandler,17,0,7,1,8,4,4,137,1,62,27,YES
Public Class,io.seata.saga.engine.repo.impl.StateMachineRepositoryImpl,11,0,11,6,11,0,11,156,1,74,32,YES
Public Class,io.seata.saga.engine.sequence.SpringJvmUUIDSeqGenerator,0,0,3,1,3,0,3,19,1,66,4,YES
Public Class,io.seata.saga.engine.store.db.DbAndReportTcStateLogStore,33,0,32,6,40,8,19,660,2,80,124,YES
Public Class,io.seata.saga.engine.strategy.impl.DefaultStatusDecisionStrategy,13,0,3,0,6,0,6,147,1,0,39,YES
Public Class,io.seata.saga.statelang.parser.impl.StateMachineParserImpl,13,0,3,1,3,0,3,67,1,0,16,YES
Public Class,io.seata.saga.statelang.parser.StateMachineParserFactory,2,0,0,0,1,0,1,4,1,0,1,YES
Public Class,io.seata.saga.statelang.parser.StateParserTests,7,0,2,0,2,0,2,32,1,0,2,YES
Public Class,io.seata.server.coordinator.DefaultCoordinatorMetricsTest,13,0,1,0,1,0,1,80,1,0,4,YES
Public Class,io.seata.server.coordinator.DefaultCore,17,0,16,1,16,0,16,265,1,81,56,YES
Public Class,io.seata.spring.boot.autoconfigure.HttpAutoConfiguration,2,0,2,0,2,0,2,10,2,0,2,YES
Public Class,io.seata.spring.boot.autoconfigure.provider.SpringBootConfigurationProvider,4,0,8,0,8,7,1,92,1,0,19,YES
Public Class,io.seata.spring.boot.autoconfigure.RedisAutoInjectionTypeConvertTest,5,0,2,0,4,0,3,24,1,50,4,YES
Public Class,io.seata.spring.boot.autoconfigure.SeataAutoConfiguration,7,0,3,0,3,0,3,37,1,0,4,YES
Public Abstract Class,io.seata.core.rpc.netty.AbstractNettyRemotingClient,29,2,17,8,36,3,12,317,2,85,35,YES
Public Abstract Class,io.seata.core.rpc.netty.AbstractNettyRemotingServer,9,1,12,1,31,1,11,160,2,58,20,YES
Class,io.seata.core.context.GlobalLockConfigHolderTest,2,0,3,0,3,0,0,18,1,0,3,YES
Class,io.seata.rm.datasource.exec.LockRetryControllerTest,8,0,5,3,5,0,0,64,1,66,9,YES
Class,io.seata.rm.GlobalLockTemplateTest,4,0,5,3,5,1,0,75,1,100,7,YES
Public Class,AppTest,8,0,0,0,1,0,1,65,1,0,4,NO
Public Class,io.seata.common.ApplicationKeeper,0,0,3,2,3,1,2,38,1,66,4,NO
Public Class,io.seata.common.BranchDO,0,0,7,5,7,0,7,32,1,71,7,NO
Public Class,io.seata.common.exception.DataAccessException,1,0,6,0,25,0,6,19,4,0,6,NO
Public Class,io.seata.common.exception.DataAccessExceptionTest,3,0,6,0,7,1,6,29,1,0,7,NO
Public Class,io.seata.common.exception.EurekaRegistryException,0,0,4,0,4,0,4,14,2,0,4,NO
Public Class,io.seata.common.exception.EurekaRegistryExceptionTest,2,0,4,0,5,1,4,20,1,0,5,NO
Public Class,io.seata.common.exception.FrameworkException,1,3,8,1,12,0,12,50,2,83,14,NO
Public Class,io.seata.common.exception.FrameworkExceptionTest,3,0,10,1,11,1,10,81,1,100,22,NO
Public Class,io.seata.common.exception.Message,2,0,10,0,10,0,10,33,1,0,10,NO
Public Class,io.seata.common.exception.NotSupportYetException,0,0,4,0,4,0,4,14,2,0,4,NO
Public Class,io.seata.common.exception.NotSupportYetExceptionTest,2,0,4,0,5,1,4,20,1,0,5,NO
Public Class,io.seata.common.exception.RedisException,1,0,7,0,19,0,7,22,3,0,7,NO
Public Class,io.seata.common.exception.ShouldNeverHappenException,0,0,4,0,4,0,4,14,2,0,4,NO
Public Class,io.seata.common.exception.ShouldNeverHappenExceptionTest,2,0,4,0,5,1,4,20,1,0,5,NO
Public Class,io.seata.common.exception.StoreException,1,1,7,0,19,0,7,22,3,0,7,NO
Public Class,io.seata.common.exception.StoreExceptionTest,3,0,7,0,8,1,7,37,1,0,8,NO
Public Class,io.seata.common.loader.ChineseHello,0,0,1,0,1,0,1,6,1,0,1,NO
Public Class,io.seata.common.loader.EnglishHello,0,0,1,0,1,0,1,6,1,0,1,NO
Public Class,io.seata.common.loader.EnhancedServiceLoader,2,0,0,0,11,1,8,324,1,0,11,NO
Public Class,io.seata.common.loader.EnhancedServiceLoaderTest,2,0,2,0,2,0,2,13,1,0,2,NO
Public Class,io.seata.common.loader.EnhancedServiceLoaderTest,7,0,10,0,10,0,10,68,1,0,13,NO
Public Class,io.seata.common.loader.EnhancedServiceNotFoundException,0,0,6,0,6,0,6,22,2,0,6,NO
Public Class,io.seata.common.loader.FrenchHello,0,0,1,0,1,0,1,6,1,0,1,NO
Public Class,io.seata.common.loader.LatinHello,0,0,1,0,1,0,1,6,1,0,1,NO
Public Class,io.seata.common.loader.LoaderTestImpl1,0,0,1,0,1,0,1,6,1,0,1,NO
Public Class,io.seata.common.loader.LoaderTestImpl2,0,0,1,0,1,0,1,6,1,0,1,NO
Public Class,io.seata.common.rpc.RpcStatus,0,0,3,2,7,1,6,27,1,64,8,NO
Public Class,io.seata.common.rpc.RpcStatusTest,1,0,4,0,4,0,4,27,1,0,4,NO
Public Class,io.seata.common.thread.PositiveAtomicCounter,0,0,4,1,4,0,4,15,1,0,4,NO
Public Class,io.seata.common.thread.PositiveAtomicCounterTest,1,0,4,0,4,0,4,22,1,0,4,NO
Public Class,io.seata.common.thread.RejectedPolicies,0,0,0,0,1,0,1,18,1,0,5,NO
Public Class,io.seata.common.thread.RejectedPoliciesTest,2,0,1,3,1,0,1,40,1,0,5,NO
Public Class,io.seata.common.util.BeanUtils,4,0,0,0,3,0,3,103,1,0,30,NO
Public Class,io.seata.common.util.BeanUtilsTest,2,0,6,0,6,0,6,52,1,0,6,NO
Public Class,io.seata.common.util.BlobUtils,2,0,1,0,5,1,4,44,1,0,13,NO
Public Class,io.seata.common.util.BlobUtilsTest,2,0,4,0,4,0,2,28,1,0,4,NO
Public Class,io.seata.common.util.CollectionUtils,1,0,1,0,15,1,14,134,1,0,39,NO
Public Class,io.seata.common.util.CollectionUtilsTest,1,0,11,0,11,0,11,157,1,0,11,NO
Public Class,io.seata.common.util.CompressUtil,1,0,0,0,3,0,3,42,1,0,6,NO
Public Class,io.seata.common.util.CompressUtilTest,1,0,3,0,3,0,3,26,1,0,3,NO
Public Class,io.seata.common.util.DurationUtil,1,0,0,0,2,1,1,46,1,0,16,NO
Public Class,io.seata.common.util.DurationUtilTest,1,0,2,0,2,0,2,25,1,0,4,NO
Public Class,io.seata.common.util.IdWorker,0,0,4,10,7,0,5,76,1,85,17,NO
Public Class,io.seata.common.util.IOUtil,1,0,0,0,2,0,2,17,1,0,6,NO
Public Class,io.seata.common.util.IOUtilTest,2,0,3,0,3,0,3,37,1,0,3,NO
Public Class,io.seata.common.util.LambdaUtils,0,0,0,0,1,0,1,6,1,0,2,NO
Public Class,io.seata.common.util.NetUtil,1,0,0,0,12,2,10,118,1,91,30,NO
Public Class,io.seata.common.util.NetUtilTest,1,0,12,2,12,0,12,75,1,75,15,NO
Public Class,io.seata.common.util.NumberUtils,1,0,0,0,3,0,3,28,1,0,8,NO
Public Class,io.seata.common.util.NumberUtilsTest,1,0,3,0,3,0,3,14,1,0,3,NO
Public Class,io.seata.common.util.ReflectionUtil,0,0,0,0,8,0,8,95,1,0,19,NO
Public Class,io.seata.common.util.ReflectionUtilTest,2,0,8,0,8,0,8,72,1,0,13,NO
Public Class,io.seata.common.util.StringFormatUtils,0,0,0,0,5,1,4,49,1,0,12,NO
Public Class,io.seata.common.util.StringUtils,2,0,1,0,13,1,12,139,1,0,40,NO
Public Class,io.seata.common.util.StringUtilsTest,3,0,6,0,6,0,2,71,1,0,7,NO
Public Class,io.seata.common.XID,0,0,0,0,6,0,6,26,1,50,7,NO
Public Class,io.seata.common.XIDTest,1,0,4,0,4,0,4,24,1,0,4,NO
Public Class,io.seata.compressor.bzip2.BZip2Compressor,1,0,2,0,2,0,2,10,1,0,2,NO
Public Class,io.seata.compressor.bzip2.BZip2CompressorTest,1,0,1,0,1,0,1,10,1,0,1,NO
Public Class,io.seata.compressor.bzip2.BZip2Util,0,0,0,0,2,0,2,33,1,0,7,NO
Public Class,io.seata.compressor.bzip2.BZip2UtilTest,1,0,2,0,2,0,2,14,1,0,4,NO
Public Class,io.seata.compressor.gzip.GzipCompressor,1,0,2,0,2,0,2,10,1,0,2,NO
Public Class,io.seata.compressor.gzip.GzipCompressorTest,1,0,1,0,1,0,1,10,1,0,1,NO
Public Class,io.seata.compressor.gzip.GzipUtil,0,0,1,0,3,1,2,35,1,0,8,NO
Public Class,io.seata.compressor.gzip.GzipUtilTest,1,0,3,0,3,0,3,30,1,0,7,NO
Public Class,io.seata.compressor.lz4.Lz4Compressor,1,0,2,0,2,0,2,10,1,0,2,NO
Public Class,io.seata.compressor.lz4.Lz4CompressorTest,1,0,1,0,1,0,1,10,1,0,1,NO
Public Class,io.seata.compressor.lz4.Lz4Util,0,0,0,0,2,0,2,37,1,0,7,NO
Public Class,io.seata.compressor.sevenz.SevenZCompressor,1,0,2,0,2,0,2,10,1,0,2,NO
Public Class,io.seata.compressor.sevenz.SevenZCompressorTest,1,0,1,0,1,0,1,10,1,0,1,NO
Public Class,io.seata.compressor.sevenz.SevenZUtil,0,0,0,0,2,0,2,40,1,0,8,NO
Public Class,io.seata.compressor.sevenz.SevenZUtilTest,1,0,2,0,2,0,2,14,1,0,4,NO
Public Class,io.seata.compressor.zip.ZipCompressor,1,0,2,0,2,0,2,10,1,0,2,NO
Public Class,io.seata.compressor.zip.ZipCompressorTest,1,0,1,0,1,0,1,10,1,0,1,NO
Public Class,io.seata.compressor.zip.ZipUtil,0,0,0,0,2,0,2,37,1,0,8,NO
Public Class,io.seata.compressor.zip.ZipUtilTest,1,0,2,0,2,0,2,14,1,0,4,NO
Public Class,io.seata.config.apollo.ApolloConfiguration,11,0,11,1,39,7,9,143,2,91,35,NO
Public Class,io.seata.config.apollo.ApolloConfigurationProvider,2,0,1,0,1,0,1,6,1,0,1,NO
Public Class,io.seata.config.ConfigFuture,2,0,13,6,13,1,12,79,1,71,20,NO
Public Class,io.seata.config.ConfigurationCache,5,0,3,1,5,0,5,68,1,80,18,NO
Public Class,io.seata.config.ConfigurationChangeEvent,1,0,13,5,13,0,13,56,1,76,13,NO
Public Class,io.seata.config.ConfigurationFactory,11,0,0,0,4,2,1,109,1,50,27,NO
Public Class,io.seata.config.consul.ConsulConfiguration,11,0,10,2,35,3,9,159,2,81,29,NO
Public Class,io.seata.config.consul.ConsulConfigurationProvider,2,0,1,0,1,0,1,6,1,0,1,NO
Public Class,io.seata.config.custom.CustomConfigurationProvider,6,0,1,0,1,0,1,17,1,0,4,NO
Public Class,io.seata.config.CustomConfigurationForTest,1,0,9,1,32,0,9,43,2,77,10,NO
Public Class,io.seata.config.CustomConfigurationProviderForTest,2,0,1,0,1,0,1,6,1,0,1,NO
Public Class,io.seata.config.CustomConfigurationTest,3,0,1,0,1,0,1,17,1,0,2,NO
Public Class,io.seata.config.etcd3.EtcdConfiguration,11,0,10,2,35,3,9,192,2,81,35,NO
Public Class,io.seata.config.etcd3.EtcdConfigurationProvider,2,0,1,0,1,0,1,6,1,0,1,NO
Public Class,io.seata.config.file.SimpleFileConfig,1,0,3,1,3,0,3,18,1,0,4,NO
Public Class,io.seata.config.file.YamlFileConfig,0,0,2,1,2,0,2,31,1,0,7,NO
Public Class,io.seata.config.FileConfigFactory,2,0,0,0,6,2,4,37,1,0,7,NO
Public Class,io.seata.config.FileConfiguration,12,0,12,9,35,1,11,263,2,82,35,NO
Public Class,io.seata.config.nacos.NacosConfiguration,7,0,9,1,40,8,9,198,2,80,45,NO
Public Class,io.seata.config.nacos.NacosConfigurationProvider,2,0,1,0,1,0,1,6,1,0,1,NO
Public Class,io.seata.config.springcloud.SpringApplicationContextProvider,2,0,1,0,1,0,1,6,1,0,1,NO
Public Class,io.seata.config.springcloud.SpringApplicationContextProviderRegistrar,2,0,1,0,1,0,1,8,1,0,2,NO
Public Class,io.seata.config.springcloud.SpringCloudConfiguration,3,0,9,0,33,1,9,54,2,90,14,NO
Public Class,io.seata.config.springcloud.SpringCloudConfigurationProvider,2,0,1,0,1,0,1,6,1,0,1,NO
Public Class,io.seata.config.zk.DefaultZkSerializer,0,0,2,0,2,0,2,10,1,0,2,NO
Public Class,io.seata.config.zk.ZookeeperConfiguration,9,0,10,1,33,1,9,198,2,70,38,NO
Public Class,io.seata.config.zk.ZookeeperConfigurationProvider,2,0,1,0,1,0,1,10,1,0,2,NO
Public Class,io.seata.core.auth.DefaultAuthSigner,0,0,1,0,1,0,1,6,1,0,1,NO
Public Class,io.seata.core.compressor.CompressorFactory,6,0,0,0,1,0,1,22,1,0,2,NO
Public Class,io.seata.core.constants.DubboConstants,0,0,0,0,0,0,0,12,1,0,0,NO
Public Class,io.seata.core.constants.RedisKeyConstants,0,0,0,0,0,0,0,25,1,0,0,NO
Public Class,io.seata.core.context.ContextCoreLoader,2,0,1,0,2,1,1,10,1,0,2,NO
Public Class,io.seata.core.context.ContextCoreTest,2,0,3,5,3,0,3,42,1,6,3,NO
Public Class,io.seata.core.context.FastThreadLocalContextCore,0,0,4,1,4,0,4,23,1,0,4,NO
Public Class,io.seata.core.context.GlobalLockConfigHolder,1,0,0,0,3,0,3,14,1,0,3,NO
Public Class,io.seata.core.context.RootContextTest,3,0,10,2,10,0,10,101,1,50,15,NO
Public Class,io.seata.core.context.ThreadLocalContextCore,0,0,4,1,4,0,4,19,1,0,4,NO
Public Class,io.seata.core.event.GlobalTransactionEvent,1,0,7,6,7,0,7,38,1,71,7,NO
Public Class,io.seata.core.event.GuavaEventBus,2,0,5,1,5,0,5,30,1,19,7,NO
Public Class,io.seata.core.event.GuavaEventBusTest,4,0,1,0,1,0,1,29,1,0,1,NO
Public Class,io.seata.core.exception.BranchTransactionException,1,1,7,0,15,0,7,23,3,0,7,NO
Public Class,io.seata.core.exception.GlobalTransactionException,1,1,7,0,15,0,7,23,3,0,7,NO
Public Class,io.seata.core.exception.RmTransactionException,1,0,7,0,22,0,7,23,4,0,7,NO
Public Class,io.seata.core.exception.TmTransactionException,1,0,7,0,22,0,7,23,4,0,7,NO
Public Class,io.seata.core.exception.TransactionException,1,2,8,1,8,0,8,30,2,37,8,NO
Public Class,io.seata.core.lock.LocalDBLocker,0,0,3,0,8,0,3,14,2,0,3,NO
Public Class,io.seata.core.lock.RowLock,1,0,17,8,17,0,17,62,1,88,17,NO
Public Class,io.seata.core.logger.StackTraceLogger,4,0,0,0,4,1,3,37,1,0,10,NO
Public Class,io.seata.core.message.BranchCommitRequestTest,3,0,1,0,1,0,1,12,1,0,1,NO
Public Class,io.seata.core.message.BranchCommitResponseTest,5,0,1,0,1,0,1,13,1,0,1,NO
Public Class,io.seata.core.message.BranchRegisterRequestTest,2,0,1,0,1,0,1,12,1,0,1,NO
Public Class,io.seata.core.message.BranchRegisterResponseTest,3,0,1,0,1,0,1,12,1,0,1,NO
Public Class,io.seata.core.message.BranchReportRequestTest,2,0,1,0,1,0,1,15,1,0,1,NO
Public Class,io.seata.core.message.GlobalBeginRequestTest,1,0,1,0,1,0,1,8,1,0,1,NO
Public Class,io.seata.core.message.GlobalCommitResponseTest,5,0,1,0,1,0,1,10,1,0,1,NO
Public Class,io.seata.core.message.GlobalRollbackRequestTest,2,0,1,0,1,0,1,8,1,0,1,NO
Public Class,io.seata.core.message.RegisterTMRequestTest,2,0,1,0,1,0,1,11,1,0,1,NO
Public Class,io.seata.core.message.RegisterTMResponseTest,4,0,1,0,1,0,1,11,1,0,1,NO
Public Class,io.seata.core.model.BranchStatusTest,2,0,4,0,4,0,4,23,1,0,5,NO
Public Class,io.seata.core.model.BranchTypeTest,1,0,6,0,6,0,6,34,1,0,7,NO
Public Class,io.seata.core.model.GlobalLockConfig,0,0,4,2,4,0,4,16,1,50,4,NO
Public Class,io.seata.core.model.GlobalStatusTest,1,0,4,0,4,0,4,23,1,0,5,NO
Public Class,io.seata.core.protocol.HeartbeatMessage,1,0,5,1,5,1,4,23,1,19,6,NO
Public Class,io.seata.core.protocol.IncompatibleVersionException,0,0,1,0,1,0,1,5,2,0,1,NO
Public Class,io.seata.core.protocol.MergedWarpMessage,1,0,2,2,5,0,2,16,2,75,3,NO
Public Class,io.seata.core.protocol.MergedWarpMessageTest,3,0,2,0,2,1,1,13,1,0,2,NO
Public Class,io.seata.core.protocol.MergeResultMessage,2,0,4,1,7,0,4,22,2,25,6,NO
Public Class,io.seata.core.protocol.MergeResultMessageTest,5,0,3,0,3,1,2,24,1,0,3,NO
Public Class,io.seata.core.protocol.MessageFuture,2,0,7,4,7,0,7,41,1,67,11,NO
Public Class,io.seata.core.protocol.MessageFutureTest,2,0,9,0,9,1,8,121,1,0,15,NO
Public Class,io.seata.core.protocol.RegisterRMRequest,1,0,6,1,19,0,6,27,3,50,6,NO
Public Class,io.seata.core.protocol.RegisterRMRequestTest,3,0,3,0,3,1,2,24,1,0,3,NO
Public Class,io.seata.core.protocol.RegisterRMResponse,1,0,3,0,17,0,3,13,4,0,3,NO
Public Class,io.seata.core.protocol.RegisterTMRequest,3,0,5,0,18,0,5,45,3,0,9,NO
Public Class,io.seata.core.protocol.RegisterTMRequestTest,2,0,0,0,0,0,0,9,1,0,0,NO
Public Class,io.seata.core.protocol.RegisterTMResponse,1,0,3,0,17,0,3,13,4,0,3,NO
Public Class,io.seata.core.protocol.RpcMessage,1,0,15,6,15,0,15,57,1,84,15,NO
Public Class,io.seata.core.protocol.RpcMessageTest,1,0,1,0,1,0,1,31,1,0,1,NO
Public Class,io.seata.core.protocol.transaction.BranchCommitRequest,4,0,2,0,18,0,2,10,5,0,2,NO
Public Class,io.seata.core.protocol.transaction.BranchCommitResponse,1,0,1,0,17,0,1,6,5,0,1,NO
Public Class,io.seata.core.protocol.transaction.BranchRegisterRequest,5,1,13,5,18,0,13,61,4,78,13,NO
Public Class,io.seata.core.protocol.transaction.BranchRegisterResponse,1,0,4,1,13,0,4,26,4,25,4,NO
Public Class,io.seata.core.protocol.transaction.BranchReportRequest,6,0,15,6,20,0,15,71,4,81,15,NO
Public Class,io.seata.core.protocol.transaction.BranchReportResponse,1,0,1,0,10,0,1,6,4,0,1,NO
Public Class,io.seata.core.protocol.transaction.BranchRollbackRequest,4,0,2,0,18,0,2,10,5,0,2,NO
Public Class,io.seata.core.protocol.transaction.BranchRollbackRequestTest,3,0,1,0,1,0,1,13,1,0,1,NO
Public Class,io.seata.core.protocol.transaction.BranchRollbackResponse,1,0,1,0,17,0,1,6,5,0,1,NO
Public Class,io.seata.core.protocol.transaction.BranchRollbackResponseTest,5,0,1,0,1,0,1,14,1,0,1,NO
Public Class,io.seata.core.protocol.transaction.GlobalBeginRequest,4,0,7,2,12,0,7,34,4,57,7,NO
Public Class,io.seata.core.protocol.transaction.GlobalBeginResponse,1,0,5,2,14,0,5,20,4,60,5,NO
Public Class,io.seata.core.protocol.transaction.GlobalBeginResponseTest,3,0,3,3,3,0,3,22,1,77,3,NO
Public Class,io.seata.core.protocol.transaction.GlobalCommitRequest,4,0,2,0,12,0,2,10,5,0,2,NO
Public Class,io.seata.core.protocol.transaction.GlobalCommitResponse,1,0,1,0,13,0,1,6,5,0,1,NO
Public Class,io.seata.core.protocol.transaction.GlobalLockQueryRequest,4,0,2,0,20,0,2,10,5,0,2,NO
Public Class,io.seata.core.protocol.transaction.GlobalLockQueryResponse,1,0,3,1,12,0,3,13,4,33,3,NO
Public Class,io.seata.core.protocol.transaction.GlobalReportRequest,5,0,4,1,14,0,4,17,5,50,4,NO
Public Class,io.seata.core.protocol.transaction.GlobalReportResponse,1,0,1,0,13,0,1,6,5,0,1,NO
Public Class,io.seata.core.protocol.transaction.GlobalRollbackRequest,4,0,2,0,12,0,2,10,5,0,2,NO
Public Class,io.seata.core.protocol.transaction.GlobalRollbackResponse,1,0,1,0,13,0,1,6,5,0,1,NO
Public Class,io.seata.core.protocol.transaction.GlobalStatusRequest,4,0,2,0,12,0,2,10,5,0,2,NO
Public Class,io.seata.core.protocol.transaction.GlobalStatusResponse,1,0,1,0,13,0,1,6,5,0,1,NO
Public Class,io.seata.core.protocol.transaction.UndoLogDeleteRequest,5,0,9,3,14,0,9,42,4,66,9,NO
Public Class,io.seata.core.rpc.DefaultServerMessageListenerImpl,20,0,8,2,8,0,8,157,1,79,27,NO
Public Class,io.seata.core.rpc.hook.StatusRpcHook,2,0,2,0,2,0,2,10,1,0,2,NO
Public Class,io.seata.core.rpc.netty.ChannelManager,13,0,0,0,16,7,9,310,1,0,88,NO
Public Class,io.seata.core.rpc.netty.ChannelUtil,1,0,0,0,3,0,3,31,1,0,7,NO
Public Class,io.seata.core.rpc.netty.NettyBaseConfig,7,2,0,2,1,1,0,106,1,100,1,NO
Public Class,io.seata.core.rpc.netty.NettyClientBootstrap,4,0,7,7,7,2,4,111,1,69,21,NO
Public Class,io.seata.core.rpc.netty.NettyClientConfig,6,0,29,7,44,0,43,160,2,95,44,NO
Public Class,io.seata.core.rpc.netty.NettyPoolableFactory,10,0,8,2,8,2,6,96,1,75,24,NO
Public Class,io.seata.core.rpc.netty.NettyPoolKey,2,0,9,3,9,0,9,60,1,48,9,NO
Public Class,io.seata.core.rpc.netty.NettyPoolKeyTest,3,0,8,1,8,0,8,45,1,0,8,NO
Public Class,io.seata.core.rpc.netty.NettyRemotingServer,8,0,6,2,37,1,5,52,3,75,8,NO
Public Class,io.seata.core.rpc.netty.NettyServerBootstrap,5,0,7,7,7,1,5,97,1,67,15,NO
Public Class,io.seata.core.rpc.netty.NettyServerConfig,3,0,22,8,25,0,24,89,2,92,25,NO
Public Class,io.seata.core.rpc.netty.TmNettyClientTest,4,0,4,0,5,0,5,67,1,0,7,NO
Public Class,io.seata.core.rpc.netty.TmNettyClientTest,7,0,3,0,3,0,3,78,1,0,3,NO
Public Class,io.seata.core.rpc.netty.v1.ClientChannelHandler,2,0,5,1,5,0,5,31,2,60,7,NO
Public Class,io.seata.core.rpc.netty.v1.HeadMapSerializer,2,0,5,0,6,1,3,59,1,0,15,NO
Public Class,io.seata.core.rpc.netty.v1.ProtocolV1Client,8,0,4,5,5,1,4,116,1,68,15,NO
Public Class,io.seata.core.rpc.netty.v1.ProtocolV1Decoder,9,0,4,0,4,0,3,66,2,0,11,NO
Public Class,io.seata.core.rpc.netty.v1.ProtocolV1Encoder,8,0,1,0,1,0,1,48,2,0,6,NO
Public Class,io.seata.core.rpc.netty.v1.ProtocolV1SerializerTest,7,0,1,0,1,0,1,55,1,0,7,NO
Public Class,io.seata.core.rpc.netty.v1.ProtocolV1Server,1,0,4,4,5,2,3,69,1,55,8,NO
Public Class,io.seata.core.rpc.netty.v1.ServerChannelHandler,2,0,3,0,3,0,3,21,2,0,4,NO
Public Class,io.seata.core.rpc.processor.client.ClientHeartbeatProcessor,2,0,1,0,1,0,1,11,1,0,3,NO
Public Class,io.seata.core.rpc.processor.client.ClientOnResponseProcessor,6,0,2,3,2,0,2,42,1,0,9,NO
Public Class,io.seata.core.rpc.processor.client.RmBranchCommitProcessor,6,0,3,2,3,1,2,30,1,33,6,NO
Public Class,io.seata.core.rpc.processor.client.RmBranchRollbackProcessor,6,0,3,2,3,1,2,30,1,33,6,NO
Public Class,io.seata.core.rpc.processor.client.RmUndoLogProcessor,3,0,3,1,3,1,2,22,1,33,5,NO
Public Class,io.seata.core.rpc.processor.server.BatchLogHandler,2,0,1,1,1,0,1,40,1,100,1,NO
Public Class,io.seata.core.rpc.processor.server.RegRmProcessor,11,0,3,2,3,1,2,42,1,33,8,NO
Public Class,io.seata.core.rpc.processor.server.RegTmProcessor,11,0,3,2,3,1,2,44,1,33,8,NO
Public Class,io.seata.core.rpc.processor.server.ServerHeartbeatProcessor,3,0,2,1,2,0,2,18,1,0,4,NO
Public Class,io.seata.core.rpc.processor.server.ServerOnRequestProcessor,11,0,3,2,3,1,2,61,1,33,12,NO
Public Class,io.seata.core.rpc.processor.server.ServerOnResponseProcessor,9,0,3,2,3,1,2,53,1,33,11,NO
Public Class,io.seata.core.rpc.RpcContext,5,0,24,10,24,0,24,137,1,85,38,NO
Public Class,io.seata.core.rpc.RpcContextTest,1,0,12,0,13,0,13,91,1,0,13,NO
Public Class,io.seata.core.rpc.ShutdownHook,3,0,5,2,7,1,6,97,2,78,10,NO
Public Class,io.seata.core.serializer.SerializerClassRegistry,28,0,0,0,3,0,3,67,1,0,4,NO
Public Class,io.seata.core.store.BranchTransactionDO,2,0,23,11,23,0,23,83,1,91,23,NO
Public Class,io.seata.core.store.db.sql.lock.AbstractLockStoreSql,5,5,7,0,7,0,7,53,1,0,7,NO
Public Class,io.seata.core.store.db.sql.lock.H2LockStoreSql,0,0,1,0,8,0,1,8,2,0,1,NO
Public Class,io.seata.core.store.db.sql.lock.LockStoreSqlFactory,3,0,0,0,1,0,1,7,1,0,2,NO
Public Class,io.seata.core.store.db.sql.lock.LockStoreSqlFactoryTest,2,0,5,0,5,0,5,169,1,57,5,NO
Public Class,io.seata.core.store.db.sql.lock.MysqlLockStoreSql,0,0,1,0,8,0,1,8,2,0,1,NO
Public Class,io.seata.core.store.db.sql.lock.OceanbaseLockStoreSql,0,0,1,0,8,0,1,8,2,0,1,NO
Public Class,io.seata.core.store.db.sql.lock.OracleLockStoreSql,0,0,1,0,8,0,1,8,2,0,1,NO
Public Class,io.seata.core.store.db.sql.lock.PostgresqlLockStoreSql,0,0,1,0,8,0,1,8,2,0,1,NO
Public Class,io.seata.core.store.db.sql.log.H2LogStoreSqls,0,0,0,0,21,0,0,2,3,0,0,NO
Public Class,io.seata.core.store.db.sql.log.LogStoreSqlsFactory,3,0,0,0,1,0,1,7,1,0,2,NO
Public Class,io.seata.core.store.db.sql.log.LogStoreSqlsFactoryTest,2,0,5,0,5,0,5,174,1,57,5,NO
Public Class,io.seata.core.store.db.sql.log.MysqlLogStoreSqls,1,2,6,0,21,0,6,52,2,0,6,NO
Public Class,io.seata.core.store.db.sql.log.OceanbaseLogStoreSqls,0,0,0,0,21,0,0,2,3,0,0,NO
Public Class,io.seata.core.store.db.sql.log.OracleLogStoreSqls,1,0,6,0,21,0,6,56,2,0,6,NO
Public Class,io.seata.core.store.db.sql.log.PostgresqlLogStoreSqls,1,0,6,0,21,0,6,52,2,0,6,NO
Public Class,io.seata.core.store.GlobalTransactionDO,1,0,27,11,27,0,27,95,1,91,27,NO
Public Class,io.seata.core.store.LockDO,1,0,16,7,16,0,16,57,1,87,16,NO
Public Class,io.seata.discovery.loadbalance.LoadBalanceFactory,6,0,0,0,1,0,1,6,1,0,1,NO
Public Class,io.seata.discovery.loadbalance.LoadBalanceFactoryTest,4,0,4,0,5,0,4,58,1,0,5,NO
Public Class,io.seata.discovery.registry.consul.ConsulRegistryProvider,2,0,1,0,1,0,1,6,1,0,1,NO
Public Class,io.seata.discovery.registry.consul.ConsulRegistryServiceImpl,6,0,15,4,16,9,6,174,1,85,29,NO
Public Class,io.seata.discovery.registry.consul.ConsulRegistryServiceImplTest,3,0,4,0,4,0,4,29,1,0,4,NO
Public Class,io.seata.discovery.registry.custom.CustomRegistryProvider,6,0,2,1,2,0,2,19,1,0,5,NO
Public Class,io.seata.discovery.registry.custom.CustomRegistryProviderForTest,2,0,1,0,1,0,1,6,1,0,1,NO
Public Class,io.seata.discovery.registry.custom.CustomRegistryServiceForTest,1,0,6,0,6,0,6,26,1,0,6,NO
Public Class,io.seata.discovery.registry.custom.CustomRegistryTest,3,0,1,0,1,0,1,7,1,0,1,NO
Public Class,io.seata.discovery.registry.etcd.EtcdRegistryProviderTest,2,0,1,0,1,0,1,6,1,0,1,NO
Public Class,io.seata.discovery.registry.etcd.EtcdRegistryServiceImplTest,4,0,6,1,8,1,7,105,1,50,11,NO
Public Class,io.seata.discovery.registry.etcd3.EtcdRegistryProvider,2,0,1,0,1,0,1,6,1,0,1,NO
Public Class,io.seata.discovery.registry.etcd3.EtcdRegistryServiceImpl,8,0,16,6,17,10,6,231,1,86,34,NO
Public Class,io.seata.discovery.registry.eureka.CustomEurekaInstanceConfig,1,0,9,4,9,0,9,50,2,77,13,NO
Public Class,io.seata.discovery.registry.eureka.EurekaRegistryProvider,2,0,1,0,1,0,1,6,1,0,1,NO
Public Class,io.seata.discovery.registry.eureka.EurekaRegistryServiceImpl,7,0,16,0,17,10,6,179,1,80,39,NO
Public Class,io.seata.discovery.registry.FileRegistryServiceImpl,4,0,7,0,8,1,6,56,1,87,14,NO
Public Class,io.seata.discovery.registry.nacos.NacosRegistryProvider,2,0,1,0,1,0,1,6,1,0,1,NO
Public Class,io.seata.discovery.registry.nacos.NacosRegistryServiceImpl,4,0,8,0,21,13,7,178,1,95,46,NO
Public Class,io.seata.discovery.registry.redis.RedisRegistryProvider,2,0,1,0,1,0,1,6,1,0,1,NO
Public Class,io.seata.discovery.registry.redis.RedisRegistryServiceImpl,8,0,11,2,12,5,6,180,1,81,32,NO
Public Class,io.seata.discovery.registry.RegistryFactory,9,0,0,0,2,1,1,29,1,50,6,NO
Public Class,io.seata.discovery.registry.sofa.SofaRegistryProvider,2,0,1,0,1,0,1,6,1,0,1,NO
Public Class,io.seata.discovery.registry.sofa.SofaRegistryServiceImpl,4,0,11,0,19,12,6,209,1,84,43,NO
Public Class,io.seata.discovery.registry.sofa.SofaRegistryServiceImplTest,1,0,1,0,3,0,3,60,1,33,11,NO
Public Class,io.seata.discovery.registry.zk.ZookeeperRegisterServiceImplTest,3,0,3,1,5,0,5,53,1,50,8,NO
Public Class,io.seata.discovery.registry.zk.ZookeeperRegistryProvider,2,0,1,0,1,0,1,6,1,0,1,NO
Public Class,io.seata.discovery.registry.zk.ZookeeperRegistryProviderTest,2,0,1,0,1,0,1,7,1,0,1,NO
Public Class,io.seata.integration.dubbo.alibaba.AlibabaDubboTransactionPropagationFilter,4,0,2,0,2,1,1,65,1,0,16,NO
Public Class,io.seata.integration.dubbo.alibaba.AlibabaDubboTransactionPropagationFilterTest,4,0,1,0,1,0,1,33,1,0,4,NO
Public Class,io.seata.integration.dubbo.alibaba.mock.MockInvoker,0,0,7,1,7,0,7,30,1,71,8,NO
Public Class,io.seata.integration.dubbo.ApacheDubboTransactionPropagationFilter,3,0,2,0,2,1,1,62,1,0,15,NO
Public Class,io.seata.integration.dubbo.ApacheDubboTransactionPropagationFilterTest,4,0,1,0,1,0,1,33,1,0,4,NO
Public Class,io.seata.integration.dubbo.mock.MockInvoker,0,0,7,1,7,0,7,30,1,71,8,NO
Public Class,io.seata.integration.grpc.interceptor.GrpcTest,4,0,1,2,1,0,1,39,1,0,1,NO
Public Class,io.seata.integration.grpc.interceptor.server.ServerTransactionInterceptor,2,0,2,0,2,1,1,17,1,0,3,NO
Public Class,io.seata.integration.http.DefaultHttpExecutor,0,0,7,0,20,1,7,65,2,87,18,NO
Public Class,io.seata.integration.http.HttpHandlerExceptionResolver,2,0,1,0,1,0,0,7,2,0,1,NO
Public Class,io.seata.integration.http.MockController,3,0,3,0,3,0,3,19,1,0,3,NO
Public Class,io.seata.integration.http.MockHttpExecuter,5,0,7,1,19,0,1,40,2,85,8,NO
Public Class,io.seata.integration.http.MockHttpServletRequest,2,0,55,1,55,0,55,223,1,96,56,NO
Public Class,io.seata.integration.http.MockRequest,1,0,7,5,7,0,7,49,1,57,10,NO
Public Class,io.seata.integration.http.ServletMapping,0,0,7,3,7,0,7,34,1,67,7,NO
Public Class,io.seata.integration.http.TransactionPropagationIntercepter,2,0,2,0,2,0,2,25,2,0,6,NO
Public Class,io.seata.integration.http.XidResource,2,0,0,0,1,0,1,19,1,0,5,NO
Public Class,io.seata.integration.motan.MotanTransactionFilter,1,0,3,0,3,1,2,46,1,0,12,NO
Public Class,io.seata.integration.motan.XIDServiceImpl,1,0,1,0,1,0,1,6,1,0,1,NO
Public Class,io.seata.integration.sofa.rpc.HelloServiceImpl,1,0,4,2,4,0,4,17,1,50,5,NO
Public Class,io.seata.integration.sofa.rpc.HelloServiceProxy,1,0,3,2,3,0,3,15,1,33,3,NO
Public Class,io.seata.integration.sofa.rpc.TransactionContextConsumerFilter,1,0,2,0,2,1,1,51,2,0,13,NO
Public Class,io.seata.integration.sofa.rpc.TransactionContextFilterTest,4,0,1,0,3,0,3,79,1,0,5,NO
Public Class,io.seata.integration.sofa.rpc.TransactionContextProviderFilter,1,0,2,0,2,1,1,51,2,0,13,NO
Public Class,io.seata.metrics.exporter.ExporterFactory,6,0,0,0,1,0,1,22,1,0,4,NO
Public Class,io.seata.metrics.exporter.prometheus.PrometheusExporter,6,0,6,2,6,1,5,45,2,66,10,NO
Public Class,io.seata.metrics.Id,0,0,8,3,8,0,8,49,1,54,12,NO
Public Class,io.seata.metrics.Measurement,1,0,4,3,4,0,4,19,1,50,4,NO
Public Class,io.seata.metrics.registry.compact.CompactCounter,4,0,7,3,7,0,7,32,1,57,7,NO
Public Class,io.seata.metrics.registry.compact.CompactRegistry,10,0,5,0,5,0,5,29,1,0,11,NO
Public Class,io.seata.metrics.registry.compact.CompactSummary,6,0,8,6,8,0,8,51,1,64,8,NO
Public Class,io.seata.metrics.registry.compact.CompactTimer,6,0,9,7,9,0,9,59,1,69,9,NO
Public Class,io.seata.metrics.registry.compact.SummaryValue,0,0,6,3,6,0,6,32,1,50,8,NO
Public Class,io.seata.metrics.registry.compact.TimerValue,0,0,6,3,6,0,6,32,1,38,9,NO
Public Class,io.seata.metrics.registry.RegistryFactory,7,0,0,0,1,0,1,16,1,0,3,NO
Public Class,io.seata.metrics.SystemClock,0,0,1,0,1,0,1,7,1,0,1,NO
Public Class,io.seata.rm.datasource.AsyncWorker,17,0,4,0,4,1,3,125,1,75,24,NO
Public Class,io.seata.rm.datasource.ColumnUtils,6,0,0,0,8,2,6,138,1,0,28,NO
Public Class,io.seata.rm.datasource.ColumnUtilsTest,3,0,3,0,3,0,3,161,1,0,3,NO
Public Class,io.seata.rm.datasource.ConnectionContext,2,0,18,5,18,0,10,87,1,73,24,NO
Public Class,io.seata.rm.datasource.ConnectionProxy,17,2,19,1,74,7,12,192,2,15,43,NO
Public Class,io.seata.rm.datasource.ConnectionProxyTest,12,0,3,2,3,0,3,48,1,0,3,NO
Public Class,io.seata.rm.datasource.DataCompareUtils,9,0,1,0,7,3,4,132,1,0,35,NO
Public Class,io.seata.rm.datasource.DataCompareUtilsTest,6,0,6,0,6,1,5,150,1,0,6,NO
Public Class,io.seata.rm.datasource.DataSourceManager,22,1,12,2,17,0,12,91,2,79,19,NO
Public Class,io.seata.rm.datasource.DataSourceProxy,13,0,12,5,22,3,9,110,2,83,25,NO
Public Class,io.seata.rm.datasource.DataSourceProxyTest,5,0,2,0,2,0,2,32,1,0,2,NO
Public Class,io.seata.rm.datasource.exec.AbstractDMLBaseExecutorTest,18,0,4,3,4,0,4,74,1,8,5,NO
Public Class,io.seata.rm.datasource.exec.BaseTransactionalExecutorTest,8,0,3,0,3,0,3,106,1,0,4,NO
Public Class,io.seata.rm.datasource.exec.BatchInsertExecutorTest,11,0,19,6,19,10,9,441,1,58,20,NO
Public Class,io.seata.rm.datasource.exec.DeleteExecutorTest,7,0,2,0,3,0,3,54,1,16,6,NO
Public Class,io.seata.rm.datasource.exec.ExecuteTemplate,18,0,0,0,2,0,2,60,1,0,12,NO
Public Class,io.seata.rm.datasource.exec.LockConflictException,0,0,2,0,2,0,2,7,2,0,2,NO
Public Class,io.seata.rm.datasource.exec.LockRetryController,6,0,4,2,4,0,2,69,1,50,10,NO
Public Class,io.seata.rm.datasource.exec.LockWaitTimeoutException,0,0,3,0,3,0,3,11,2,0,3,NO
Public Class,io.seata.rm.datasource.exec.MultiExecutorTest,9,0,1,0,2,0,2,112,1,25,11,NO
Public Class,io.seata.rm.datasource.exec.mysql.MySQLInsertExecutor,11,0,5,0,46,0,5,92,4,0,21,NO
Public Class,io.seata.rm.datasource.exec.MySQLInsertExecutorTest,19,0,23,6,23,5,18,484,1,70,29,NO
Public Class,io.seata.rm.datasource.exec.oracle.OracleInsertExecutor,8,0,4,0,45,0,4,41,4,0,9,NO
Public Class,io.seata.rm.datasource.exec.OracleInsertExecutorTest,14,0,8,8,8,4,4,133,1,56,10,NO
Public Class,io.seata.rm.datasource.exec.PlainExecutorTest,5,0,2,1,2,0,2,31,1,0,3,NO
Public Class,io.seata.rm.datasource.exec.postgresql.PostgresqlInsertExecutor,10,0,5,0,46,0,5,53,4,0,11,NO
Public Class,io.seata.rm.datasource.exec.PostgresqlInsertExecutorTest,11,0,5,6,5,3,2,80,1,56,5,NO
Public Class,io.seata.rm.datasource.exec.SelectForUpdateExecutorTest,12,0,1,0,2,0,2,66,1,0,9,NO
Public Class,io.seata.rm.datasource.exec.UpdateExecutorTest,7,0,2,0,3,0,3,59,1,16,6,NO
Public Class,io.seata.rm.datasource.mock.MockBlob,0,0,12,0,12,0,12,46,1,0,12,NO
Public Class,io.seata.rm.datasource.mock.MockClob,0,0,13,0,13,0,13,52,1,0,13,NO
Public Class,io.seata.rm.datasource.mock.MockConnection,2,0,6,1,6,0,6,24,2,66,6,NO
Public Class,io.seata.rm.datasource.mock.MockConnectionProxy,1,0,2,0,76,0,2,9,3,0,2,NO
Public Class,io.seata.rm.datasource.mock.MockDatabaseMetaData,3,0,179,4,179,0,179,772,1,98,179,NO
Public Class,io.seata.rm.datasource.mock.MockDataSource,2,0,9,0,9,0,9,36,1,0,9,NO
Public Class,io.seata.rm.datasource.mock.MockDriver,3,0,16,6,16,0,16,65,2,85,19,NO
Public Class,io.seata.rm.datasource.mock.MockExecuteHandlerImpl,1,0,2,3,2,0,2,17,1,0,2,NO
Public Class,io.seata.rm.datasource.mock.MockLockConflictConnectionProxy,2,0,3,0,77,0,3,14,3,0,3,NO
Public Class,io.seata.rm.datasource.mock.MockParameterMetaData,0,0,12,1,12,0,12,54,1,83,14,NO
Public Class,io.seata.rm.datasource.mock.MockPreparedStatement,3,0,6,2,6,0,6,32,2,66,7,NO
Public Class,io.seata.rm.datasource.mock.MockResultSet,4,0,15,4,15,0,15,100,2,75,24,NO
Public Class,io.seata.rm.datasource.mock.MockResultSetMetaData,2,0,26,1,26,0,26,111,1,84,27,NO
Public Class,io.seata.rm.datasource.PreparedStatementProxy,2,0,5,0,116,0,5,23,4,0,8,NO
Public Class,io.seata.rm.datasource.PreparedStatementProxyTest,11,0,6,0,7,0,7,230,1,69,8,NO
Public Class,io.seata.rm.datasource.sql.druid.oracle.OracleDeleteRecognizerTest,2,0,5,0,5,0,5,124,1,0,7,NO
Public Class,io.seata.rm.datasource.sql.druid.oracle.OracleInsertRecognizerTest,4,0,6,0,6,0,6,70,1,0,8,NO
Public Class,io.seata.rm.datasource.sql.druid.oracle.OracleSelectForUpdateRecognizerTest,3,0,5,0,5,0,5,59,1,0,7,NO
Public Class,io.seata.rm.datasource.sql.druid.oracle.OracleUpdateRecognizerTest,3,0,7,0,7,0,7,93,1,0,11,NO
Public Class,io.seata.rm.datasource.sql.druid.postgresql.PostgresqlDeleteRecognizerTest,5,0,5,0,5,0,5,46,1,0,5,NO
Public Class,io.seata.rm.datasource.sql.druid.postgresql.PostgresqlInsertRecognizerTest,6,0,5,0,5,0,5,60,1,0,7,NO
Public Class,io.seata.rm.datasource.sql.druid.postgresql.PostgresqlSelectForUpdateRecognizerTest,5,0,5,0,5,0,5,40,1,0,5,NO
Public Class,io.seata.rm.datasource.sql.druid.postgresql.PostgresqlUpdateRecognizerTest,7,0,7,0,7,0,7,84,1,0,11,NO
Public Class,io.seata.rm.datasource.sql.serial.SerialArray,0,0,19,4,19,0,19,124,1,68,33,NO
Public Class,io.seata.rm.datasource.sql.SQLVisitorFactory,6,0,0,1,1,0,1,10,1,100,1,NO
Public Class,io.seata.rm.datasource.sql.SQLVisitorFactoryTest,13,0,2,0,2,0,2,102,1,0,19,NO
Public Class,io.seata.rm.datasource.sql.struct.cache.MysqlTableMetaCache,7,0,3,0,7,1,0,105,2,0,15,NO
Public Class,io.seata.rm.datasource.sql.struct.cache.MysqlTableMetaCacheTest,9,0,6,0,6,3,3,113,1,66,9,NO
Public Class,io.seata.rm.datasource.sql.struct.cache.OracleTableMetaCache,6,0,3,0,7,1,0,107,2,0,19,NO
Public Class,io.seata.rm.datasource.sql.struct.cache.OracleTableMetaCacheTest,5,0,1,0,1,0,1,35,1,0,1,NO
Public Class,io.seata.rm.datasource.sql.struct.cache.PostgresqlTableMetaCache,6,0,3,0,7,1,0,111,2,0,20,NO
Public Class,io.seata.rm.datasource.sql.struct.cache.PostgresqlTableMetaCacheTest,5,0,1,0,1,0,1,37,1,0,1,NO
Public Class,io.seata.rm.datasource.sql.struct.ColumnMeta,0,0,41,18,41,0,39,243,1,87,61,NO
Public Class,io.seata.rm.datasource.sql.struct.ColumnMetaTest,1,0,1,0,1,0,1,67,1,0,1,NO
Public Class,io.seata.rm.datasource.sql.struct.Field,1,0,12,4,12,0,12,45,1,70,12,NO
Public Class,io.seata.rm.datasource.sql.struct.IndexMeta,2,0,22,9,22,0,22,117,1,81,32,NO
Public Class,io.seata.rm.datasource.sql.struct.IndexMetaTest,3,0,1,0,1,0,1,44,1,0,1,NO
Public Class,io.seata.rm.datasource.sql.struct.IndexTypeTest,1,0,1,0,1,0,1,9,1,0,2,NO
Public Class,io.seata.rm.datasource.sql.struct.Row,2,0,6,1,6,0,6,33,1,16,10,NO
Public Class,io.seata.rm.datasource.sql.struct.TableMeta,5,1,12,3,12,0,12,95,1,61,27,NO
Public Class,io.seata.rm.datasource.sql.struct.TableMetaCacheFactory,3,0,0,0,1,0,1,7,1,0,2,NO
Public Class,io.seata.rm.datasource.sql.struct.TableMetaCacheFactoryTest,4,0,1,0,1,0,1,13,1,0,2,NO
Public Class,io.seata.rm.datasource.sql.struct.TableMetaTest,5,0,7,2,7,0,7,95,1,85,8,NO
Public Class,io.seata.rm.datasource.sql.struct.TableRecords,8,1,11,3,13,0,13,141,1,74,34,NO
Public Class,io.seata.rm.datasource.sql.struct.TableRecordsTest,9,0,5,0,5,0,5,70,1,60,7,NO
Public Class,io.seata.rm.datasource.SqlGenerateUtils,2,0,1,0,5,1,4,68,1,0,20,NO
Public Class,io.seata.rm.datasource.StatementProxyTest,7,0,27,0,28,0,28,190,1,82,56,NO
Public Class,io.seata.rm.datasource.undo.AbstractUndoExecutorTest,9,0,6,0,13,0,6,145,2,0,9,NO
Public Class,io.seata.rm.datasource.undo.BranchUndoLog,0,0,6,3,6,0,6,24,1,66,6,NO
Public Class,io.seata.rm.datasource.undo.BranchUndoLogTest,9,0,1,0,1,0,1,32,1,0,1,NO
Public Class,io.seata.rm.datasource.undo.h2.keyword.H2KeywordChecker,0,0,0,0,2,0,0,2,2,0,0,NO
Public Class,io.seata.rm.datasource.undo.KeywordCheckerFactory,3,0,0,0,1,0,1,7,1,0,2,NO
Public Class,io.seata.rm.datasource.undo.KeywordCheckerFactoryTest,2,0,1,0,1,0,1,8,1,0,2,NO
Public Class,io.seata.rm.datasource.undo.mysql.keyword.MySQLKeywordChecker,1,1,2,1,2,0,2,286,1,50,4,NO
Public Class,io.seata.rm.datasource.undo.mysql.keyword.MySQLKeywordCheckerTest,14,0,4,0,4,0,4,177,1,0,4,NO
Public Class,io.seata.rm.datasource.undo.mysql.MySQLUndoDeleteExecutor,7,1,3,0,15,0,1,27,2,0,6,NO
Public Class,io.seata.rm.datasource.undo.mysql.MySQLUndoDeleteExecutorTest,7,0,2,0,4,0,3,52,2,0,3,NO
Public Class,io.seata.rm.datasource.undo.mysql.MySQLUndoExecutorHolder,5,0,3,0,3,0,3,14,1,0,3,NO
Public Class,io.seata.rm.datasource.undo.mysql.MySQLUndoInsertExecutor,7,1,5,0,17,1,1,34,2,0,8,NO
Public Class,io.seata.rm.datasource.undo.mysql.MySQLUndoInsertExecutorTest,7,0,2,0,4,0,3,52,2,0,3,NO
Public Class,io.seata.rm.datasource.undo.mysql.MySQLUndoLogManager,4,0,5,0,20,1,1,60,2,0,10,NO
Public Class,io.seata.rm.datasource.undo.mysql.MySQLUndoLogManagerTest,7,0,8,8,8,0,8,70,1,82,18,NO
Public Class,io.seata.rm.datasource.undo.mysql.MySQLUndoUpdateExecutor,8,1,3,0,15,0,1,27,2,0,6,NO
Public Class,io.seata.rm.datasource.undo.mysql.MySQLUndoUpdateExecutorTest,7,0,2,0,4,0,3,53,2,0,3,NO
Public Class,io.seata.rm.datasource.undo.oracle.keyword.OracleKeywordChecker,1,0,2,1,3,1,2,149,1,66,9,NO
Public Class,io.seata.rm.datasource.undo.oracle.keyword.OracleKeywordCheckerTest,2,0,1,0,1,0,1,7,1,0,1,NO
Public Class,io.seata.rm.datasource.undo.oracle.OracleUndoDeleteExecutor,7,0,3,0,15,0,1,27,2,0,6,NO
Public Class,io.seata.rm.datasource.undo.oracle.OracleUndoDeleteExecutorTest,7,0,3,0,4,1,2,54,2,0,3,NO
Public Class,io.seata.rm.datasource.undo.oracle.OracleUndoExecutorHolder,5,0,3,0,3,0,3,14,1,0,3,NO
Public Class,io.seata.rm.datasource.undo.oracle.OracleUndoInsertExecutor,7,0,5,0,17,1,1,34,2,0,8,NO
Public Class,io.seata.rm.datasource.undo.oracle.OracleUndoInsertExecutorTest,7,0,3,0,4,0,3,54,2,0,3,NO
Public Class,io.seata.rm.datasource.undo.oracle.OracleUndoLogManager,4,0,5,0,20,1,1,58,2,0,10,NO
Public Class,io.seata.rm.datasource.undo.oracle.OracleUndoUpdateExecutor,8,0,3,0,15,0,1,27,2,0,6,NO
Public Class,io.seata.rm.datasource.undo.oracle.OracleUndoUpdateExecutorTest,7,0,3,0,4,1,2,54,2,0,3,NO
Public Class,io.seata.rm.datasource.undo.parser.FastjsonUndoLogParser,2,0,5,1,5,0,5,26,1,60,5,NO
Public Class,io.seata.rm.datasource.undo.parser.FastjsonUndoLogParserTest,11,0,3,1,15,0,3,59,3,66,3,NO
Public Class,io.seata.rm.datasource.undo.parser.FstSerializerFactory,1,0,3,1,4,0,4,17,1,25,4,NO
Public Class,io.seata.rm.datasource.undo.parser.FstUndoLogParser,2,0,4,1,4,0,4,20,1,25,4,NO
Public Class,io.seata.rm.datasource.undo.parser.FstUndoLogParserTest,3,0,1,1,13,0,1,7,3,0,1,NO
Public Class,io.seata.rm.datasource.undo.parser.JacksonUndoLogParser,8,0,5,8,5,0,5,152,1,75,8,NO
Public Class,io.seata.rm.datasource.undo.parser.JacksonUndoLogParserTest,6,0,2,1,14,0,2,36,3,0,2,NO
Public Class,io.seata.rm.datasource.undo.parser.KryoSerializer,0,0,4,1,4,0,4,21,1,0,4,NO
Public Class,io.seata.rm.datasource.undo.parser.KryoSerializerFactory,5,0,4,1,5,1,4,91,1,60,8,NO
Public Class,io.seata.rm.datasource.undo.parser.KryoUndoLogParser,3,0,4,0,4,0,4,34,1,0,4,NO
Public Class,io.seata.rm.datasource.undo.parser.KryoUndoLogParserTest,3,0,1,1,13,0,1,7,3,0,1,NO
Public Class,io.seata.rm.datasource.undo.parser.ProtostuffUndoLogParser,5,0,5,2,5,0,5,136,1,70,6,NO
Public Class,io.seata.rm.datasource.undo.parser.UndoLogSerializerClassRegistry,1,0,0,0,3,0,3,49,1,0,4,NO
Public Class,io.seata.rm.datasource.undo.postgresql.keyword.PostgresqlKeywordChecker,1,0,2,1,3,1,2,117,1,66,9,NO
Public Class,io.seata.rm.datasource.undo.postgresql.keyword.PostgresqlKeywordCheckerTest,2,0,1,0,1,0,1,7,1,0,1,NO
Public Class,io.seata.rm.datasource.undo.postgresql.PostgresqlUndoDeleteExecutor,7,0,3,0,15,0,1,27,2,0,6,NO
Public Class,io.seata.rm.datasource.undo.postgresql.PostgresqlUndoExecutorHolder,5,0,3,0,3,0,3,14,1,0,3,NO
Public Class,io.seata.rm.datasource.undo.postgresql.PostgresqlUndoInsertExecutor,7,0,5,0,17,1,1,33,2,0,8,NO
Public Class,io.seata.rm.datasource.undo.postgresql.PostgresqlUndoLogManager,3,0,5,0,20,1,1,70,2,0,12,NO
Public Class,io.seata.rm.datasource.undo.postgresql.PostgresqlUndoUpdateExecutor,8,0,3,0,15,0,1,27,2,0,6,NO
Public Class,io.seata.rm.datasource.undo.SQLUndoLog,3,0,9,4,9,0,9,39,1,72,11,NO
Public Class,io.seata.rm.datasource.undo.UndoExecutorFactory,6,0,0,0,1,0,1,20,1,0,4,NO
Public Class,io.seata.rm.datasource.undo.UndoExecutorHolderFactory,3,0,0,0,1,0,1,7,1,0,2,NO
Public Class,io.seata.rm.datasource.undo.UndoExecutorTest,11,0,4,0,4,0,4,725,1,0,4,NO
Public Class,io.seata.rm.datasource.undo.UndoLogManagerFactory,3,0,0,0,1,0,1,7,1,0,2,NO
Public Class,io.seata.rm.datasource.undo.UndoLogManagerTest,4,0,3,0,3,0,3,43,1,0,7,NO
Public Class,io.seata.rm.datasource.undo.UndoLogParserFactory,4,0,1,0,3,1,2,15,1,0,4,NO
Public Class,io.seata.rm.datasource.util.JdbcUtils,8,0,1,0,7,1,5,82,1,85,19,NO
Public Class,io.seata.rm.datasource.util.JdbcUtilsTest,2,0,1,0,1,0,1,7,1,0,1,NO
Public Class,io.seata.rm.datasource.util.XAUtils,1,0,0,0,4,1,3,45,1,0,11,NO
Public Class,io.seata.rm.datasource.xa.ConnectionProxyXA,7,0,15,4,67,3,12,154,2,71,35,NO
Public Class,io.seata.rm.datasource.xa.DataSourceProxyXA,5,0,7,0,32,1,4,44,3,0,9,NO
Public Class,io.seata.rm.datasource.xa.DataSourceProxyXANative,4,0,6,1,31,0,4,34,3,50,7,NO
Public Class,io.seata.rm.datasource.xa.ExecuteTemplateXA,2,0,0,0,1,0,1,63,1,0,12,NO
Public Class,io.seata.rm.datasource.xa.PreparedStatementProxyXA,2,0,57,0,102,1,56,228,2,0,60,NO
Public Class,io.seata.rm.datasource.xa.ResourceManagerXA,8,1,5,0,14,1,4,63,3,0,13,NO
Public Class,io.seata.rm.datasource.xa.StatementProxyXA,2,1,45,2,45,0,45,185,1,37,55,NO
Public Class,io.seata.rm.datasource.xa.XABranchXid,0,0,12,4,12,4,6,82,1,62,18,NO
Public Class,io.seata.rm.datasource.xa.XAXidBuilder,2,0,1,0,3,1,2,10,1,0,3,NO
Public Class,io.seata.rm.DefaultResourceManager,8,0,12,0,14,1,12,83,1,71,19,NO
Public Class,io.seata.rm.DefaultRMHandler,12,0,8,0,19,0,5,43,3,77,11,NO
Public Class,io.seata.rm.GlobalLockTemplate,4,0,1,0,1,0,1,22,1,0,4,NO
Public Class,io.seata.rm.RMClient,4,0,0,0,1,0,1,8,1,0,1,NO
Public Class,io.seata.rm.RMHandlerAT,8,0,4,0,14,1,2,59,3,0,13,NO
Public Class,io.seata.rm.RMHandlerXA,3,0,2,0,12,0,1,10,3,0,2,NO
Public Class,io.seata.rm.tcc.api.BusinessActionContext,0,0,13,4,13,0,13,53,1,69,14,NO
Public Class,io.seata.rm.tcc.api.BusinessActivityContext,1,0,8,1,8,0,8,28,1,12,8,NO
Public Class,io.seata.rm.tcc.interceptor.ActionContextUtil,3,0,1,0,3,1,2,46,1,0,10,NO
Public Class,io.seata.rm.tcc.interceptor.ActionInterceptorHandler,10,0,5,0,5,0,1,97,1,0,18,NO
Public Class,io.seata.rm.tcc.interceptor.ActionInterceptorHandlerTest,4,0,1,1,1,0,1,17,1,0,1,NO
Public Class,io.seata.rm.tcc.remoting.parser.DefaultRemotingParser,11,0,8,0,9,0,7,100,1,61,26,NO
Public Class,io.seata.rm.tcc.remoting.parser.DubboRemotingParser,4,0,4,0,5,0,4,43,2,0,7,NO
Public Class,io.seata.rm.tcc.remoting.parser.DubboUtil,1,0,1,0,3,1,2,30,1,0,5,NO
Public Class,io.seata.rm.tcc.remoting.parser.HSFRemotingParser,4,0,5,0,6,0,5,74,2,40,9,NO
Public Class,io.seata.rm.tcc.remoting.parser.LocalTCCRemotingParser,5,0,4,0,5,0,4,48,2,0,11,NO
Public Class,io.seata.rm.tcc.remoting.parser.LocalTCCRemotingParserTest,4,0,3,1,3,0,3,24,1,0,3,NO
Public Class,io.seata.rm.tcc.remoting.parser.SofaRpcRemotingParser,4,0,4,0,5,0,4,40,2,0,7,NO
Public Class,io.seata.rm.tcc.remoting.RemotingDesc,0,0,14,7,14,0,14,51,1,85,14,NO
Public Class,io.seata.rm.tcc.RMHandlerTCC,4,0,3,0,13,0,2,13,3,0,3,NO
Public Class,io.seata.rm.tcc.TccActionImpl,2,0,3,0,3,0,3,17,1,0,3,NO
Public Class,io.seata.rm.tcc.TccParam,1,0,3,2,3,0,3,15,1,33,3,NO
Public Class,io.seata.rm.tcc.TCCResource,1,0,22,9,22,0,22,85,1,89,23,NO
Public Class,io.seata.rm.tcc.TCCResourceManager,10,0,7,1,12,0,6,96,2,42,20,NO
Public Class,io.seata.rm.tcc.TwoPhaseResult,1,0,6,2,6,0,6,31,1,33,7,NO
Public Class,io.seata.rm.xa.ConnectionProxyXATest,8,0,7,0,7,0,7,117,1,0,7,NO
Public Class,io.seata.rm.xa.DataSourceProxyXANativeTest,3,0,1,0,1,0,1,21,1,0,1,NO
Public Class,io.seata.rm.xa.DataSourceProxyXATest,6,0,2,0,2,0,2,36,1,0,2,NO
Public Class,io.seata.rm.xa.XAXidBuilderTest,2,0,1,0,1,0,1,13,1,0,1,NO
Public Class,io.seata.saga.engine.db.mockserver.StateMachineAsyncDBMockServerTests,5,0,9,2,10,1,9,151,1,40,13,NO
Public Class,io.seata.saga.engine.db.mockserver.StateMachineDBMockServerTests,11,0,23,0,24,0,24,410,1,0,25,NO
Public Class,io.seata.saga.engine.evaluation.EvaluatorFactoryManager,2,0,4,1,4,0,4,18,1,0,5,NO
Public Class,io.seata.saga.engine.evaluation.exception.ExceptionMatchEvaluator,3,0,7,3,7,0,7,50,1,52,12,NO
Public Class,io.seata.saga.engine.evaluation.exception.ExceptionMatchEvaluatorFactory,3,0,1,0,1,0,1,8,1,0,1,NO
Public Class,io.seata.saga.engine.evaluation.expression.ExpressionEvaluator,4,0,5,2,5,0,5,44,1,40,10,NO
Public Class,io.seata.saga.engine.evaluation.expression.ExpressionEvaluatorFactory,3,0,3,1,3,0,3,14,1,0,3,NO
Public Class,io.seata.saga.engine.exception.EngineExecutionException,1,1,15,4,27,0,15,49,3,86,15,NO
Public Class,io.seata.saga.engine.exception.ForwardInvalidException,1,0,7,0,34,0,7,21,4,0,7,NO
Public Class,io.seata.saga.engine.expression.ExpressionFactoryManager,2,0,3,1,3,0,3,15,1,0,4,NO
Public Class,io.seata.saga.engine.expression.seq.SequenceExpression,1,0,9,3,9,0,9,33,1,59,9,NO
Public Class,io.seata.saga.engine.expression.seq.SequenceExpressionFactory,3,0,3,1,3,0,3,21,1,0,5,NO
Public Class,io.seata.saga.engine.expression.spel.SpringELExpression,0,0,4,1,4,0,4,17,1,0,4,NO
Public Class,io.seata.saga.engine.expression.spel.SpringELExpressionFactory,3,0,2,2,2,0,2,20,1,50,2,NO
Public Class,io.seata.saga.engine.invoker.impl.SpringBeanServiceInvoker,10,0,11,2,11,1,3,259,1,81,64,NO
Public Class,io.seata.saga.engine.invoker.ServiceInvokerManager,2,0,3,1,3,0,3,14,1,0,4,NO
Public Class,io.seata.saga.engine.mock.DemoException,0,0,5,0,5,0,5,15,2,0,5,NO
Public Class,io.seata.saga.engine.mock.DemoService,3,0,7,0,7,0,7,136,1,0,28,NO
Public Class,io.seata.saga.engine.mock.MockSagaTransactionTemplate,8,0,9,0,9,0,9,38,1,0,10,NO
Public Class,io.seata.saga.engine.mock.MockStateHandlerInterceptor,2,0,3,0,3,0,3,14,1,0,3,NO
Public Class,io.seata.saga.engine.mock.MockStateRouterInterceptor,4,0,3,0,3,0,3,14,1,0,3,NO
Public Class,io.seata.saga.engine.pcext.handlers.FailEndStateHandler,5,0,1,0,1,0,1,11,1,0,1,NO
Public Class,io.seata.saga.engine.pcext.handlers.ScriptTaskStateHandler,13,0,5,2,5,0,4,81,1,60,18,NO
Public Class,io.seata.saga.engine.pcext.handlers.ServiceTaskStateHandler,22,0,5,1,5,1,4,105,1,40,20,NO
Public Class,io.seata.saga.engine.pcext.handlers.SucceedEndStateHandler,2,0,1,0,1,0,1,4,1,0,1,NO
Public Class,io.seata.saga.engine.pcext.interceptors.EndStateRouterInterceptor,6,0,3,0,3,0,3,13,1,0,3,NO
Public Class,io.seata.saga.engine.pcext.interceptors.InSagaBranchHandlerInterceptor,8,0,4,0,4,0,3,51,1,0,12,NO
Public Class,io.seata.saga.engine.pcext.interceptors.ScriptTaskHandlerInterceptor,15,0,3,0,3,0,3,72,1,0,10,NO
Public Class,io.seata.saga.engine.pcext.interceptors.ServiceTaskHandlerInterceptor,29,0,5,0,5,2,3,292,1,0,54,NO
Public Class,io.seata.saga.engine.pcext.routers.EndStateRouter,5,0,4,1,4,0,4,19,1,25,5,NO
Public Class,io.seata.saga.engine.pcext.routers.TaskStateRouter,16,0,2,0,2,1,1,98,1,0,19,NO
Public Class,io.seata.saga.engine.pcext.StateInstruction,8,0,13,5,13,0,13,71,1,80,18,NO
Public Class,io.seata.saga.engine.pcext.StateMachineProcessHandler,16,0,4,1,4,0,4,53,1,0,11,NO
Public Class,io.seata.saga.engine.pcext.StateMachineProcessRouter,16,0,4,1,4,0,4,69,1,0,13,NO
Public Class,io.seata.saga.engine.pcext.utils.CompensationHolder,14,0,5,3,9,1,8,83,1,81,19,NO
Public Class,io.seata.saga.engine.pcext.utils.EngineUtils,16,0,0,0,5,0,5,114,1,0,24,NO
Public Class,io.seata.saga.engine.pcext.utils.ParameterUtils,8,0,0,0,4,0,4,125,1,0,30,NO
Public Class,io.seata.saga.engine.repo.impl.StateLogRepositoryImpl,3,0,6,1,6,0,6,40,1,0,11,NO
Public Class,io.seata.saga.engine.serializer.impl.ExceptionSerializer,0,0,2,0,5,0,5,49,1,0,11,NO
Public Class,io.seata.saga.engine.serializer.impl.ParamsSerializer,3,0,4,1,4,0,4,30,1,0,8,NO
Public Class,io.seata.saga.engine.StateMachineAsyncTests,5,0,10,2,11,1,10,176,1,42,14,NO
Public Class,io.seata.saga.engine.StateMachineTests,6,0,13,0,14,0,14,193,1,0,15,NO
Public Class,io.seata.saga.engine.store.db.AbstractStore,4,2,7,3,8,0,4,141,1,70,29,NO
Public Class,io.seata.saga.engine.store.db.DbStateLangStore,5,0,4,1,12,0,4,65,2,0,5,NO
Public Class,io.seata.saga.engine.store.db.StateLangStoreSqls,0,0,6,4,6,1,5,36,1,62,6,NO
Public Class,io.seata.saga.engine.store.db.StateLogStoreSqls,0,0,14,12,14,1,13,115,1,85,14,NO
Public Class,io.seata.saga.engine.utils.ExceptionUtils,6,0,0,0,5,0,5,77,1,0,16,NO
Public Class,io.seata.saga.engine.utils.ProcessContextBuilder,10,0,12,1,13,1,12,71,1,7,22,NO
Public Class,io.seata.saga.proctrl.eventing.impl.AsyncEventBus,4,0,2,1,4,0,2,20,2,0,6,NO
Public Class,io.seata.saga.proctrl.eventing.impl.DirectEventBus,4,0,1,0,3,0,1,39,2,0,8,NO
Public Class,io.seata.saga.proctrl.eventing.impl.ProcessCtrlEventConsumer,3,0,3,1,3,0,3,13,1,33,3,NO
Public Class,io.seata.saga.proctrl.eventing.impl.ProcessCtrlEventPublisher,3,0,2,1,2,0,2,9,1,0,2,NO
Public Class,io.seata.saga.proctrl.handler.DefaultRouterHandler,7,0,3,2,4,0,4,46,1,50,11,NO
Public Class,io.seata.saga.proctrl.impl.ProcessContextImpl,1,0,19,3,19,0,19,111,1,56,29,NO
Public Class,io.seata.saga.proctrl.impl.ProcessControllerImpl,4,0,2,1,2,0,2,19,1,0,4,NO
Public Class,io.seata.saga.proctrl.mock.MockInstruction,0,0,3,1,3,0,3,12,1,0,3,NO
Public Class,io.seata.saga.proctrl.mock.MockProcessHandler,2,0,1,0,1,0,1,5,1,0,1,NO
Public Class,io.seata.saga.proctrl.mock.MockProcessRouter,4,0,1,0,1,0,1,17,1,0,4,NO
Public Class,io.seata.saga.proctrl.process.impl.CustomizeBusinessProcessor,6,0,4,2,5,0,5,50,1,60,12,NO
Public Class,io.seata.saga.proctrl.ProcessControllerTests,14,0,5,0,5,3,2,68,1,0,7,NO
Public Class,io.seata.saga.rm.RMHandlerSaga,4,0,3,0,13,0,2,13,3,0,3,NO
Public Class,io.seata.saga.rm.SagaResource,1,0,6,2,6,0,6,24,1,50,6,NO
Public Class,io.seata.saga.rm.SagaResourceManager,16,0,6,1,11,0,6,76,2,66,19,NO
Public Class,io.seata.saga.rm.StateMachineEngineHolder,1,0,1,0,2,0,2,8,1,0,2,NO
Public Class,io.seata.saga.statelang.domain.impl.ChoiceStateImpl,1,0,7,3,19,0,7,45,2,71,7,NO
Public Class,io.seata.saga.statelang.domain.impl.CompensateSubStateMachineStateImpl,1,0,1,0,50,0,1,4,4,0,1,NO
Public Class,io.seata.saga.statelang.domain.impl.CompensationTriggerStateImpl,1,0,1,0,13,0,1,4,2,0,1,NO
Public Class,io.seata.saga.statelang.domain.impl.FailEndStateImpl,1,0,5,2,17,0,5,20,2,60,5,NO
Public Class,io.seata.saga.statelang.domain.impl.ScriptTaskStateImpl,1,0,5,2,39,0,5,21,3,60,5,NO
Public Class,io.seata.saga.statelang.domain.impl.ServiceTaskStateImpl,1,2,15,7,49,0,15,57,3,86,15,NO
Public Class,io.seata.saga.statelang.domain.impl.StateInstanceImpl,3,0,48,23,48,0,48,220,1,95,49,NO
Public Class,io.seata.saga.statelang.domain.impl.StateMachineImpl,4,0,30,14,30,0,30,130,1,92,31,NO
Public Class,io.seata.saga.statelang.domain.impl.StateMachineInstanceImpl,3,0,43,21,43,0,43,196,1,95,43,NO
Public Class,io.seata.saga.statelang.domain.impl.SubStateMachineImpl,1,0,5,2,54,0,5,20,4,60,5,NO
Public Class,io.seata.saga.statelang.domain.impl.SucceedEndStateImpl,1,0,1,0,13,0,1,4,2,0,1,NO
Public Class,io.seata.saga.statelang.parser.impl.ChoiceStateParser,3,0,1,0,2,0,1,19,2,0,2,NO
Public Class,io.seata.saga.statelang.parser.impl.CompensateSubStateMachineStateParser,5,0,1,0,5,0,1,15,3,0,3,NO
Public Class,io.seata.saga.statelang.parser.impl.CompensationTriggerStateParser,2,0,1,0,2,0,1,7,2,0,1,NO
Public Class,io.seata.saga.statelang.parser.impl.FailEndStateParser,2,0,1,0,2,0,1,10,2,0,1,NO
Public Class,io.seata.saga.statelang.parser.impl.FastjsonParser,0,0,3,0,3,0,3,33,1,0,5,NO
Public Class,io.seata.saga.statelang.parser.impl.JacksonJsonParser,0,0,3,2,3,0,3,49,1,50,9,NO
Public Class,io.seata.saga.statelang.parser.impl.ScriptTaskStateParser,4,0,1,0,5,0,1,16,3,0,2,NO
Public Class,io.seata.saga.statelang.parser.impl.ServiceTaskStateParser,2,0,1,0,5,0,1,16,3,0,2,NO
Public Class,io.seata.saga.statelang.parser.impl.SubStateMachineParser,6,0,1,0,5,0,1,16,3,0,2,NO
Public Class,io.seata.saga.statelang.parser.impl.SucceedEndStateParser,2,0,1,0,2,0,1,7,2,0,1,NO
Public Class,io.seata.saga.statelang.parser.JsonParserFactory,3,0,1,0,2,1,1,8,1,0,3,NO
Public Class,io.seata.saga.statelang.parser.StateParserFactory,10,0,0,0,1,0,1,16,1,0,1,NO
Public Class,io.seata.saga.statelang.parser.utils.DesignerJsonTransformer,8,0,0,0,7,4,3,209,1,0,50,NO
Public Class,io.seata.saga.statelang.parser.utils.IOUtils,0,0,0,0,4,0,4,29,1,0,6,NO
Public Class,io.seata.saga.tm.DefaultSagaTransactionalTemplate,20,0,25,3,25,2,16,194,1,86,48,NO
Public Class,io.seata.serializer.fst.FstSerializer,1,0,2,1,2,0,2,11,1,0,2,NO
Public Class,io.seata.serializer.fst.FstSerializerFactory,1,0,3,1,4,0,4,16,1,25,4,NO
Public Class,io.seata.serializer.fst.FstSerializerTest,11,0,2,0,3,0,3,41,1,0,3,NO
Public Class,io.seata.serializer.hessian.HessianSerializer,1,0,2,0,2,0,2,31,1,0,4,NO
Public Class,io.seata.serializer.hessian.HessianSerializerFactory,0,0,3,0,4,1,1,17,2,0,4,NO
Public Class,io.seata.serializer.hessian.HessianSerializerTest,11,0,2,0,3,0,3,41,1,0,3,NO
Public Class,io.seata.serializer.kryo.KryoInnerSerializer,0,0,4,1,4,0,4,22,1,0,4,NO
Public Class,io.seata.serializer.kryo.KryoSerializer,3,0,2,0,2,0,2,26,1,0,4,NO
Public Class,io.seata.serializer.kryo.KryoSerializerFactory,2,0,4,1,5,1,4,33,1,60,6,NO
Public Class,io.seata.serializer.kryo.KryoSerializerTest,11,0,2,0,3,0,3,41,1,0,3,NO
Public Class,io.seata.serializer.protobuf.convertor.BranchCommitRequestConvertor,3,0,2,0,2,0,2,31,1,0,3,NO
Public Class,io.seata.serializer.protobuf.convertor.BranchCommitRequestConvertorTest,4,0,1,0,1,0,1,20,1,0,1,NO
Public Class,io.seata.serializer.protobuf.convertor.BranchCommitResponseConvertor,7,0,2,0,2,0,2,40,1,0,3,NO
Public Class,io.seata.serializer.protobuf.convertor.BranchCommitResponseConvertorTest,8,0,1,0,1,0,1,20,1,0,1,NO
Public Class,io.seata.serializer.protobuf.convertor.BranchRegisterRequestConvertor,2,0,2,0,2,0,2,28,1,0,5,NO
Public Class,io.seata.serializer.protobuf.convertor.BranchRegisterRequestConvertorTest,3,0,1,0,1,0,1,20,1,0,1,NO
Public Class,io.seata.serializer.protobuf.convertor.BranchRegisterResponseConvertor,5,0,2,0,2,0,2,32,1,0,3,NO
Public Class,io.seata.serializer.protobuf.convertor.BranchRegisterResponseConvertorTest,6,0,1,0,1,0,1,17,1,0,1,NO
Public Class,io.seata.serializer.protobuf.convertor.BranchReportRequestConvertor,3,0,2,0,2,0,2,29,1,0,4,NO
Public Class,io.seata.serializer.protobuf.convertor.BranchReportRequestConvertorTest,4,0,1,0,1,0,1,21,1,0,1,NO
Public Class,io.seata.serializer.protobuf.convertor.BranchReportResponseConvertor,5,0,2,0,2,0,2,29,1,0,3,NO
Public Class,io.seata.serializer.protobuf.convertor.BranchReportResponseConvertorTest,6,0,1,0,1,0,1,15,1,0,1,NO
Public Class,io.seata.serializer.protobuf.convertor.BranchRollbackRequestConvertor,3,0,2,0,2,0,2,32,1,0,4,NO
Public Class,io.seata.serializer.protobuf.convertor.BranchRollbackRequestConvertorTest,4,0,1,0,1,0,1,20,1,0,1,NO
Public Class,io.seata.serializer.protobuf.convertor.BranchRollbackResponseConvertor,7,0,2,0,2,0,2,42,1,0,3,NO
Public Class,io.seata.serializer.protobuf.convertor.BranchRollbackResponseConvertorTest,8,0,1,0,1,0,1,21,1,0,1,NO
Public Class,io.seata.serializer.protobuf.convertor.GlobalBeginRequestConvertor,1,0,2,0,2,0,2,20,1,0,2,NO
Public Class,io.seata.serializer.protobuf.convertor.GlobalBeginRequestConvertorTest,2,0,1,0,1,0,1,13,1,0,1,NO
Public Class,io.seata.serializer.protobuf.convertor.GlobalBeginResponseConvertor,5,0,2,0,2,0,2,34,1,0,4,NO
Public Class,io.seata.serializer.protobuf.convertor.GlobalBeginResponseConvertorTest,6,0,1,0,1,0,1,17,1,0,1,NO
Public Class,io.seata.serializer.protobuf.convertor.GlobalCommitRequestConvertor,2,0,2,0,2,0,2,23,1,0,3,NO
Public Class,io.seata.serializer.protobuf.convertor.GlobalCommitRequestConvertorTest,3,0,1,0,1,0,1,13,1,0,1,NO
Public Class,io.seata.serializer.protobuf.convertor.GlobalCommitResponseConvertor,7,0,2,0,2,0,2,37,1,0,3,NO
Public Class,io.seata.serializer.protobuf.convertor.GlobalCommitResponseConvertorTest,8,0,1,0,1,0,1,16,1,0,1,NO
Public Class,io.seata.serializer.protobuf.convertor.GlobalLockQueryRequestConvertor,3,0,2,0,2,0,2,32,1,0,4,NO
Public Class,io.seata.serializer.protobuf.convertor.GlobalLockQueryRequestConvertorTest,4,0,1,0,1,0,1,20,1,0,1,NO
Public Class,io.seata.serializer.protobuf.convertor.GlobalLockQueryResponseConvertor,5,0,2,0,2,0,2,34,1,0,3,NO
Public Class,io.seata.serializer.protobuf.convertor.GlobalLockQueryResponseConvertorTest,6,0,1,0,1,0,1,18,1,0,1,NO
Public Class,io.seata.serializer.protobuf.convertor.GlobalReportRequestConvertor,3,0,2,0,2,0,2,25,1,0,3,NO
Public Class,io.seata.serializer.protobuf.convertor.GlobalReportResponseConvertor,7,0,2,0,2,0,2,37,1,0,3,NO
Public Class,io.seata.serializer.protobuf.convertor.GlobalRollbackRequestConvertor,2,0,2,0,2,0,2,23,1,0,3,NO
Public Class,io.seata.serializer.protobuf.convertor.GlobalRollbackRequestConvertorTest,3,0,1,0,1,0,1,14,1,0,1,NO
Public Class,io.seata.serializer.protobuf.convertor.GlobalRollbackResponseConvertor,7,0,2,0,2,0,2,39,1,0,3,NO
Public Class,io.seata.serializer.protobuf.convertor.GlobalRollbackResponseConvertorTest,8,0,1,0,1,0,1,18,1,0,1,NO
Public Class,io.seata.serializer.protobuf.convertor.GlobalStatusRequestConvertor,2,0,2,0,2,0,2,23,1,0,3,NO
Public Class,io.seata.serializer.protobuf.convertor.GlobalStatusRequestConvertorTest,3,0,1,0,1,0,1,14,1,0,1,NO
Public Class,io.seata.serializer.protobuf.convertor.GlobalStatusResponseConvertor,7,0,2,0,2,0,2,37,1,0,3,NO
Public Class,io.seata.serializer.protobuf.convertor.GlobalStatusResponseConvertorTest,8,0,1,0,1,0,1,18,1,0,1,NO
Public Class,io.seata.serializer.protobuf.convertor.HeartbeatMessageConvertor,1,0,2,0,2,0,2,10,1,0,3,NO
Public Class,io.seata.serializer.protobuf.convertor.HeartbeatMessageConvertorTest,2,0,1,0,1,0,1,9,1,0,1,NO
Public Class,io.seata.serializer.protobuf.convertor.MergedWarpMessageConvertor,4,0,2,0,3,1,2,42,1,0,8,NO
Public Class,io.seata.serializer.protobuf.convertor.MergeMessageConvertorTest,3,0,2,0,2,1,1,25,1,0,2,NO
Public Class,io.seata.serializer.protobuf.convertor.MergeResultMessageConvertor,5,0,2,0,3,1,2,43,1,0,8,NO
Public Class,io.seata.serializer.protobuf.convertor.MergeResultMessageConvertorTest,9,0,1,0,1,0,1,22,1,0,1,NO
Public Class,io.seata.serializer.protobuf.convertor.RegisterRMRequestConvertor,2,0,2,0,2,0,2,27,1,0,4,NO
Public Class,io.seata.serializer.protobuf.convertor.RegisterRMRequestConvertorTest,3,0,1,0,1,0,1,19,1,0,1,NO
Public Class,io.seata.serializer.protobuf.convertor.RegisterRMResponseConvertor,4,0,2,0,2,0,2,38,1,0,6,NO
Public Class,io.seata.serializer.protobuf.convertor.RegisterRMResponseConvertorTest,5,0,1,0,1,0,1,19,1,0,1,NO
Public Class,io.seata.serializer.protobuf.convertor.RegisterTMRequestConvertor,2,0,2,0,2,0,2,25,1,0,3,NO
Public Class,io.seata.serializer.protobuf.convertor.RegisterTMRequestConvertorTest,3,0,1,0,1,0,1,17,1,0,1,NO
Public Class,io.seata.serializer.protobuf.convertor.RegisterTMResponseConvertor,4,0,2,0,2,0,2,38,1,0,6,NO
Public Class,io.seata.serializer.protobuf.convertor.RegisterTMResponseConvertorTest,5,0,1,0,1,0,1,19,1,0,1,NO
Public Class,io.seata.serializer.protobuf.convertor.UndoLogDeleteRequestConvertor,2,0,2,0,2,0,2,23,1,0,2,NO
Public Class,io.seata.serializer.protobuf.convertor.UndoLogDeleteRequestConvertorTest,3,0,1,0,1,0,1,18,1,0,1,NO
Public Class,io.seata.serializer.protobuf.manager.ProtobufConvertManager,2,0,3,3,4,0,4,190,1,75,4,NO
Public Class,io.seata.serializer.protobuf.ProtobufHelper,2,0,2,3,2,0,1,23,1,83,5,NO
Public Class,io.seata.serializer.protobuf.ProtobufInnerSerializer,3,0,0,0,2,0,2,47,1,0,10,NO
Public Class,io.seata.serializer.protobuf.ProtobufSerializer,3,0,2,0,2,0,2,41,1,0,4,NO
Public Class,io.seata.serializer.seata.MessageCodecFactory,58,0,0,0,7,0,3,201,1,0,70,NO
Public Class,io.seata.serializer.seata.protocol.MergedWarpMessageCodec,4,0,4,0,6,1,3,59,2,0,10,NO
Public Class,io.seata.serializer.seata.protocol.MergedWarpMessageSerializerTest,3,0,2,1,2,1,1,28,1,50,2,NO
Public Class,io.seata.serializer.seata.protocol.MergeResultMessageCodec,5,0,4,0,6,0,3,54,2,0,10,NO
Public Class,io.seata.serializer.seata.protocol.MergeResultMessageSerializerTest,7,0,2,1,2,1,1,37,1,50,2,NO
Public Class,io.seata.serializer.seata.protocol.RegisterRMRequestCodec,3,0,3,0,9,0,2,86,3,0,19,NO
Public Class,io.seata.serializer.seata.protocol.RegisterRMRequestSerializerTest,3,0,1,1,1,0,1,19,1,0,1,NO
Public Class,io.seata.serializer.seata.protocol.RegisterRMResponseCodec,2,0,1,0,9,0,1,6,4,0,1,NO
Public Class,io.seata.serializer.seata.protocol.RegisterRMResponseSerializerTest,5,0,1,1,1,0,1,16,1,0,1,NO
Public Class,io.seata.serializer.seata.protocol.RegisterTMRequestCodec,2,0,1,0,7,0,1,6,3,0,1,NO
Public Class,io.seata.serializer.seata.protocol.RegisterTMRequestSerializerTest,4,0,11,1,13,0,13,154,1,61,30,NO
Public Class,io.seata.serializer.seata.protocol.RegisterTMResponseCodec,2,0,1,0,9,0,1,6,4,0,1,NO
Public Class,io.seata.serializer.seata.protocol.RegisterTMResponseSerializerTest,5,0,1,1,1,0,1,16,1,0,1,NO
Public Class,io.seata.serializer.seata.protocol.transaction.BranchCommitRequestCodec,2,0,1,0,8,0,1,6,5,0,1,NO
Public Class,io.seata.serializer.seata.protocol.transaction.BranchCommitRequestSerializerTest,4,0,1,1,1,0,1,19,1,0,1,NO
Public Class,io.seata.serializer.seata.protocol.transaction.BranchCommitResponseCodec,2,0,1,0,12,0,1,6,5,0,1,NO
Public Class,io.seata.serializer.seata.protocol.transaction.BranchCommitResponseSerializerTest,8,0,1,1,1,0,1,20,1,0,1,NO
Public Class,io.seata.serializer.seata.protocol.transaction.BranchRegisterRequestCodec,3,1,3,0,7,0,3,87,4,0,17,NO
Public Class,io.seata.serializer.seata.protocol.transaction.BranchRegisterRequestSerializerTest,3,0,1,1,1,0,1,19,1,0,1,NO
Public Class,io.seata.serializer.seata.protocol.transaction.BranchRegisterResponseCodec,2,0,3,0,11,0,3,19,4,0,3,NO
Public Class,io.seata.serializer.seata.protocol.transaction.BranchRegisterResponseSerializerTest,6,0,1,1,1,0,1,17,1,0,1,NO
Public Class,io.seata.serializer.seata.protocol.transaction.BranchReportRequestCodec,4,0,3,0,7,0,3,74,4,0,13,NO
Public Class,io.seata.serializer.seata.protocol.transaction.BranchReportRequestSerializerTest,4,0,1,1,1,0,1,21,1,0,1,NO
Public Class,io.seata.serializer.seata.protocol.transaction.BranchReportResponseCodec,2,0,1,0,9,0,1,6,4,0,1,NO
Public Class,io.seata.serializer.seata.protocol.transaction.BranchReportResponseSerializerTest,6,0,1,1,1,0,1,15,1,0,1,NO
Public Class,io.seata.serializer.seata.protocol.transaction.BranchRollbackRequestCodec,2,0,1,0,8,0,1,6,5,0,1,NO
Public Class,io.seata.serializer.seata.protocol.transaction.BranchRollbackRequestSerializerTest,4,0,1,1,1,0,1,19,1,0,1,NO
Public Class,io.seata.serializer.seata.protocol.transaction.BranchRollbackResponseCodec,2,0,1,0,12,0,1,6,5,0,1,NO
Public Class,io.seata.serializer.seata.protocol.transaction.BranchRollbackResponseSerializerTest,8,0,1,1,1,0,1,21,1,0,1,NO
Public Class,io.seata.serializer.seata.protocol.transaction.GlobalBeginRequestCodec,2,0,3,0,7,0,3,33,4,0,6,NO
Public Class,io.seata.serializer.seata.protocol.transaction.GlobalBeginRequestSerializerTest,2,0,1,1,1,0,1,13,1,0,1,NO
Public Class,io.seata.serializer.seata.protocol.transaction.GlobalBeginResponseCodec,2,0,3,0,11,0,3,48,4,0,9,NO
Public Class,io.seata.serializer.seata.protocol.transaction.GlobalBeginResponseSerializerTest,6,0,1,1,1,0,1,19,1,0,1,NO
Public Class,io.seata.serializer.seata.protocol.transaction.GlobalCommitRequestCodec,2,0,1,0,8,0,1,6,5,0,1,NO
Public Class,io.seata.serializer.seata.protocol.transaction.GlobalCommitRequestCodecTest,3,0,1,1,1,0,1,13,1,0,1,NO
Public Class,io.seata.serializer.seata.protocol.transaction.GlobalCommitResponseCodec,2,0,1,0,12,0,1,6,5,0,1,NO
Public Class,io.seata.serializer.seata.protocol.transaction.GlobalCommitResponseSerializerTest,8,0,1,1,1,0,1,17,1,0,1,NO
Public Class,io.seata.serializer.seata.protocol.transaction.GlobalLockQueryRequestCodec,2,0,1,0,8,0,1,6,5,0,1,NO
Public Class,io.seata.serializer.seata.protocol.transaction.GlobalLockQueryRequestSerializerTest,4,0,1,1,1,0,1,19,1,0,1,NO
Public Class,io.seata.serializer.seata.protocol.transaction.GlobalLockQueryResponseCodec,2,0,3,0,11,0,3,19,4,0,4,NO
Public Class,io.seata.serializer.seata.protocol.transaction.GlobalLockQueryResponseSerializerTest,6,0,1,1,1,0,1,17,1,0,1,NO
Public Class,io.seata.serializer.seata.protocol.transaction.GlobalReportRequestCodec,3,0,3,0,10,0,3,26,5,0,5,NO
Public Class,io.seata.serializer.seata.protocol.transaction.GlobalReportResponseCodec,2,0,1,0,12,0,1,6,5,0,1,NO
Public Class,io.seata.serializer.seata.protocol.transaction.GlobalRollbackRequestCodec,2,0,1,0,8,0,1,6,5,0,1,NO
Public Class,io.seata.serializer.seata.protocol.transaction.GlobalRollbackRequestCodecTest,3,0,1,1,1,0,1,13,1,0,1,NO
Public Class,io.seata.serializer.seata.protocol.transaction.GlobalRollbackResponseCodec,2,0,1,0,12,0,1,6,5,0,1,NO
Public Class,io.seata.serializer.seata.protocol.transaction.GlobalRollbackResponseSerializerTest,8,0,1,1,1,0,1,17,1,0,1,NO
Public Class,io.seata.serializer.seata.protocol.transaction.GlobalStatusRequestCodec,2,0,1,0,8,0,1,6,5,0,1,NO
Public Class,io.seata.serializer.seata.protocol.transaction.GlobalStatusRequestCodecTest,3,0,1,1,1,0,1,13,1,0,1,NO
Public Class,io.seata.serializer.seata.protocol.transaction.GlobalStatusResponseCodec,2,0,1,0,12,0,1,6,5,0,1,NO
Public Class,io.seata.serializer.seata.protocol.transaction.GlobalStatusResponseSerializerTest,8,0,1,1,1,0,1,17,1,0,1,NO
Public Class,io.seata.serializer.seata.protocol.transaction.UndoLogDeleteRequestCodec,3,0,3,0,7,0,3,46,4,0,9,NO
Public Class,io.seata.serializer.seata.protocol.transaction.UndoLogDeleteRequestSerializerTest,3,0,1,1,1,0,1,15,1,0,1,NO
Public Class,io.seata.serializer.seata.SeataSerializer,4,0,2,0,2,0,2,40,1,0,5,NO
Public Class,io.seata.server.auth.DefaultCheckAuthHandler,2,0,2,0,6,0,2,10,2,0,2,NO
Public Class,io.seata.server.coordinator.DefaultCoordinator,44,0,19,8,37,1,5,284,3,84,61,NO
Public Class,io.seata.server.coordinator.DefaultCoordinatorTest,18,0,7,0,12,2,9,182,1,70,18,NO
Public Class,io.seata.server.coordinator.DefaultCoreTest,14,0,13,1,17,0,15,190,1,50,20,NO
Public Class,io.seata.server.env.ContainerHelper,3,0,0,0,6,0,6,37,1,0,9,NO
Public Class,io.seata.server.env.PortHelper,3,0,0,0,1,0,1,14,1,0,5,NO
Public Class,io.seata.server.event.DefaultCoreForEventBusTest,10,0,1,0,1,0,1,45,1,0,1,NO
Public Class,io.seata.server.event.EventBusManager,2,0,0,0,1,0,1,8,1,0,1,NO
Public Class,io.seata.server.lock.db.DataBaseLockManagerImplTest,6,0,4,0,6,1,5,189,1,38,13,NO
Public Class,io.seata.server.lock.db.DataBaseLockStoreDAOTest,3,0,5,0,8,1,7,200,1,31,21,NO
Public Class,io.seata.server.lock.file.FileLockManagerForTest,3,0,1,0,12,0,1,6,3,0,1,NO
Public Class,io.seata.server.lock.file.FileLockManagerImplTest,6,0,2,1,3,0,2,31,1,33,3,NO
Public Class,io.seata.server.lock.LockerManagerFactory,5,0,0,0,1,0,1,7,1,0,1,NO
Public Class,io.seata.server.lock.LockManagerTest,6,0,6,0,11,0,6,151,1,0,20,NO
Public Class,io.seata.server.lock.redis.RedisLockManagerTest,5,0,3,0,5,0,5,64,1,40,5,NO
Public Class,io.seata.server.logging.listener.SystemPropertyLoggerContextListener,1,0,8,1,8,0,8,34,2,75,9,NO
Public Class,io.seata.server.logging.logback.ansi.AnsiOutput,3,0,0,0,9,4,4,100,1,77,24,NO
Public Class,io.seata.server.logging.logback.ColorConverter,4,0,3,3,3,0,1,41,2,77,6,NO
Public Class,io.seata.server.logging.logback.ExtendedWhitespaceThrowableProxyConverter,0,0,1,0,1,0,0,7,2,0,1,NO
Public Class,io.seata.server.logging.logback.WhitespaceThrowableProxyConverter,0,0,1,0,1,0,0,7,2,0,1,NO
Public Class,io.seata.server.metrics.MetricsManager,10,0,2,1,3,0,3,26,1,33,7,NO
Public Class,io.seata.server.metrics.MetricsSubscriber,7,0,9,2,9,7,2,50,1,38,10,NO
Public Class,io.seata.server.ParameterParser,7,0,9,6,9,2,7,75,1,77,15,NO
Public Class,io.seata.server.ParameterParserTest,1,0,7,0,7,1,6,34,1,0,7,NO
Public Class,io.seata.server.Server,14,0,0,0,1,0,1,43,1,0,4,NO
Public Class,io.seata.server.session.BranchSession,7,0,29,11,30,1,28,242,1,87,59,NO
Public Class,io.seata.server.session.BranchSessionTest,3,0,1,0,2,0,1,31,1,0,2,NO
Public Class,io.seata.server.session.db.DataBaseSessionManagerTest,15,0,10,0,12,1,11,463,1,33,33,NO
Public Class,io.seata.server.session.FileSessionManagerTest,10,0,16,0,19,0,16,214,1,15,39,NO
Public Class,io.seata.server.session.GlobalSession,17,0,48,13,50,1,48,366,1,89,85,NO
Public Class,io.seata.server.session.GlobalSessionTest,6,0,9,0,12,0,9,96,1,0,12,NO
Public Class,io.seata.server.session.redis.RedisSessionManagerTest,14,0,9,0,11,0,11,263,1,45,11,NO
Public Class,io.seata.server.session.redis.SessionConverterTest,8,0,8,0,8,0,8,130,1,0,10,NO
Public Class,io.seata.server.session.SessionCondition,1,0,15,5,15,0,15,52,1,80,15,NO
Public Class,io.seata.server.session.SessionHelper,6,0,1,0,9,1,8,60,1,0,11,NO
Public Class,io.seata.server.session.SessionHolder,16,0,0,0,15,5,9,202,1,76,57,NO
Public Class,io.seata.server.session.SessionHolderTest,4,0,3,1,3,0,3,31,1,0,5,NO
Public Class,io.seata.server.storage.db.lock.DataBaseLocker,5,0,8,1,13,0,8,78,2,12,22,NO
Public Class,io.seata.server.storage.db.lock.DataBaseLockManager,11,0,4,1,13,0,4,37,2,50,7,NO
Public Class,io.seata.server.storage.db.lock.LockStoreDataBaseDAO,14,0,14,3,14,0,11,280,1,40,54,NO
Public Class,io.seata.server.storage.db.session.DataBaseSessionManager,13,0,14,1,32,0,14,112,2,50,29,NO
Public Class,io.seata.server.storage.db.store.DataBaseTransactionStoreManager,18,0,10,2,15,2,9,121,2,69,32,NO
Public Class,io.seata.server.storage.db.store.LogStoreDataBaseDAO,14,0,24,5,24,5,19,428,1,57,55,NO
Public Class,io.seata.server.storage.file.lock.FileLocker,6,0,5,1,10,0,5,118,2,40,24,NO
Public Class,io.seata.server.storage.file.lock.FileLockManager,5,2,2,0,11,0,2,17,2,0,4,NO
Public Class,io.seata.server.storage.file.session.FileSessionManager,17,0,14,1,32,4,10,220,2,42,54,NO
Public Class,io.seata.server.storage.file.store.FileTransactionStoreManager,16,0,17,14,21,10,7,483,2,83,65,NO
Public Class,io.seata.server.storage.file.TransactionWriteStore,4,0,9,2,9,1,8,61,1,50,15,NO
Public Class,io.seata.server.storage.redis.JedisPooledFactory,4,0,0,0,2,0,2,42,1,50,7,NO
Public Class,io.seata.server.storage.redis.lock.RedisLocker,6,0,8,0,13,2,6,165,2,0,33,NO
Public Class,io.seata.server.storage.redis.lock.RedisLockManager,6,1,4,1,13,0,4,34,2,50,7,NO
Public Class,io.seata.server.storage.redis.session.RedisSessionManager,13,0,14,1,32,0,14,111,2,50,29,NO
Public Class,io.seata.server.storage.redis.store.RedisTransactionStoreManager,16,0,18,0,23,13,6,306,2,94,67,NO
Public Class,io.seata.server.storage.SessionConverter,9,0,0,0,4,0,4,69,1,0,8,NO
Public Class,io.seata.server.store.db.AbstractDataSourceProviderTest,2,0,3,3,3,0,3,20,1,66,3,NO
Public Class,io.seata.server.store.db.LogStoreDataBaseDAOTest,5,0,11,0,14,1,13,497,1,14,30,NO
Public Class,io.seata.server.store.DbcpDataSourceProvider,0,0,1,0,15,0,1,22,2,0,1,NO
Public Class,io.seata.server.store.DruidDataSourceProvider,0,0,1,0,15,0,1,24,2,0,1,NO
Public Class,io.seata.server.store.file.FileTransactionStoreManagerTest,9,0,4,0,4,2,2,134,1,0,12,NO
Public Class,io.seata.server.store.HikariDataSourceProvider,0,0,1,0,15,0,1,27,2,0,1,NO
Public Class,io.seata.server.store.SessionStoreTest,14,0,7,0,7,0,7,207,1,85,9,NO
Public Class,io.seata.server.store.StoreConfig,4,0,0,0,4,0,4,18,1,0,4,NO
Public Class,io.seata.server.transaction.at.ATCore,8,0,5,0,26,0,3,26,2,0,6,NO
Public Class,io.seata.server.transaction.saga.SagaCore,18,0,10,0,31,2,8,172,2,0,34,NO
Public Class,io.seata.server.transaction.tcc.TccCore,2,0,2,0,23,0,2,9,2,0,2,NO
Public Class,io.seata.server.transaction.xa.XACore,4,0,3,0,24,0,3,16,2,0,4,NO
Public Class,io.seata.server.UUIDGenerator,1,0,0,0,2,0,2,8,1,0,2,NO
Public Class,io.seata.server.UUIDGeneratorOverflowTest,1,0,1,0,1,0,1,11,1,0,2,NO
Public Class,io.seata.spring.annotation.BusinessImpl,1,0,1,0,1,0,1,9,1,0,1,NO
Public Class,io.seata.spring.annotation.BusinessProxy,0,0,2,1,2,0,2,23,1,0,5,NO
Public Class,io.seata.spring.annotation.datasource.AutoDataSourceProxyRegistrar,3,0,1,0,1,0,1,31,1,0,3,NO
Public Class,io.seata.spring.annotation.datasource.DataSourceProxyHolder,6,0,2,1,3,1,2,30,1,33,6,NO
Public Class,io.seata.spring.annotation.datasource.SeataAutoDataSourceProxyAdvice,7,0,3,2,3,0,3,36,1,33,7,NO
Public Class,io.seata.spring.annotation.datasource.SeataAutoDataSourceProxyCreator,2,0,3,2,3,0,1,23,2,33,4,NO
Public Class,io.seata.spring.annotation.datasource.SeataDataSourceBeanPostProcessor,3,0,3,2,3,0,3,27,1,33,7,NO
Public Class,io.seata.spring.annotation.GlobalTransactionalInterceptor,21,0,8,4,10,3,5,234,1,80,47,NO
Public Class,io.seata.spring.annotation.GlobalTransactionScanner,21,0,18,11,18,4,12,193,2,88,44,NO
Public Class,io.seata.spring.annotation.GlobalTransactionScannerTest,7,0,4,1,7,0,4,49,1,42,7,NO
Public Class,io.seata.spring.annotation.MethodDesc,1,0,5,2,5,0,5,20,1,40,5,NO
Public Class,io.seata.spring.annotation.MethodDescTest,10,0,8,0,8,1,7,104,1,66,9,NO
Public Class,io.seata.spring.boot.autoconfigure.properties.client.LockProperties,1,0,6,3,6,0,6,26,1,66,6,NO
Public Class,io.seata.spring.boot.autoconfigure.properties.client.LogProperties,1,0,2,1,2,0,2,10,1,0,2,NO
Public Class,io.seata.spring.boot.autoconfigure.properties.client.RmProperties,1,0,12,6,12,0,12,48,1,83,12,NO
Public Class,io.seata.spring.boot.autoconfigure.properties.client.ServiceProperties,1,0,9,4,9,0,9,41,1,72,11,NO
Public Class,io.seata.spring.boot.autoconfigure.properties.client.ShutdownProperties,1,0,2,1,2,0,2,10,1,0,2,NO
Public Class,io.seata.spring.boot.autoconfigure.properties.client.ThreadFactoryProperties,2,0,18,9,18,0,18,74,1,88,18,NO
Public Class,io.seata.spring.boot.autoconfigure.properties.client.TmProperties,1,0,12,6,12,0,12,49,1,83,12,NO
Public Class,io.seata.spring.boot.autoconfigure.properties.client.TransportProperties,1,0,12,6,12,0,12,50,1,83,12,NO
Public Class,io.seata.spring.boot.autoconfigure.properties.client.UndoProperties,1,0,8,4,8,0,8,34,1,75,8,NO
Public Class,io.seata.spring.boot.autoconfigure.properties.config.ConfigApolloProperties,0,0,8,4,8,0,8,34,1,75,8,NO
Public Class,io.seata.spring.boot.autoconfigure.properties.config.ConfigConsulProperties,0,0,2,1,2,0,2,10,1,0,2,NO
Public Class,io.seata.spring.boot.autoconfigure.properties.config.ConfigCustomProperties,0,0,2,1,2,0,2,10,1,0,2,NO
Public Class,io.seata.spring.boot.autoconfigure.properties.config.ConfigEtcd3Properties,0,0,2,1,2,0,2,10,1,0,2,NO
Public Class,io.seata.spring.boot.autoconfigure.properties.config.ConfigFileProperties,0,0,2,1,2,0,2,10,1,0,2,NO
Public Class,io.seata.spring.boot.autoconfigure.properties.config.ConfigNacosProperties,0,0,10,5,10,0,10,42,1,80,10,NO
Public Class,io.seata.spring.boot.autoconfigure.properties.config.ConfigProperties,0,0,2,1,2,0,2,10,1,0,2,NO
Public Class,io.seata.spring.boot.autoconfigure.properties.config.ConfigZooKeeperProperties,0,0,10,5,10,0,10,42,1,80,10,NO
Public Class,io.seata.spring.boot.autoconfigure.properties.registry.RegistryConsulProperties,0,0,4,2,4,0,4,18,1,50,4,NO
Public Class,io.seata.spring.boot.autoconfigure.properties.registry.RegistryCustomProperties,0,0,2,1,2,0,2,10,1,0,2,NO
Public Class,io.seata.spring.boot.autoconfigure.properties.registry.RegistryEtcd3Properties,0,0,4,2,4,0,4,18,1,50,4,NO
Public Class,io.seata.spring.boot.autoconfigure.properties.registry.RegistryEurekaProperties,0,0,6,3,6,0,6,26,1,66,6,NO
Public Class,io.seata.spring.boot.autoconfigure.properties.registry.RegistryNacosProperties,0,0,14,7,14,0,14,57,1,85,14,NO
Public Class,io.seata.spring.boot.autoconfigure.properties.registry.RegistryProperties,1,0,6,3,6,0,6,26,1,66,6,NO
Public Class,io.seata.spring.boot.autoconfigure.properties.registry.RegistryRedisProperties,0,0,10,5,10,0,10,42,1,80,10,NO
Public Class,io.seata.spring.boot.autoconfigure.properties.registry.RegistrySofaProperties,0,0,14,7,14,0,14,58,1,85,14,NO
Public Class,io.seata.spring.boot.autoconfigure.properties.registry.RegistryZooKeeperProperties,0,0,12,6,12,0,12,50,1,83,12,NO
Public Class,io.seata.spring.boot.autoconfigure.properties.SeataProperties,2,0,14,8,14,0,14,65,1,85,16,NO
Public Class,io.seata.spring.boot.autoconfigure.properties.SpringCloudAlibabaConfiguration,0,0,4,3,4,0,4,31,1,58,7,NO
Public Class,io.seata.spring.boot.autoconfigure.PropertiesTest,29,0,27,0,29,0,29,183,1,0,29,NO
Public Class,io.seata.spring.boot.autoconfigure.provider.SpringApplicationContextProvider,2,0,1,0,1,0,1,6,1,0,1,NO
Public Class,io.seata.spring.event.DegradeCheckEvent,0,0,2,1,2,0,2,9,1,0,2,NO
Public Class,io.seata.spring.tcc.LocalTccActionImpl,0,0,0,0,3,0,0,2,2,0,0,NO
Public Class,io.seata.spring.tcc.TccActionImpl,1,1,3,0,3,0,3,14,1,0,3,NO
Public Class,io.seata.spring.tcc.TccActionInterceptor,13,0,6,3,6,0,4,81,1,72,18,NO
Public Class,io.seata.spring.tcc.TccAnnotationProcessor,4,0,4,0,5,1,3,58,1,0,14,NO
Public Class,io.seata.spring.util.SpringProxyUtils,2,0,1,0,10,3,6,103,1,0,27,NO
Public Class,io.seata.spring.util.TCCBeanParserUtils,7,0,1,0,7,1,4,82,1,0,20,NO
Public Class,io.seata.sqlparser.druid.DruidDbTypeParserTest,7,0,1,0,1,0,1,14,1,0,2,NO
Public Class,io.seata.sqlparser.druid.DruidDelegatingDbTypeParser,1,0,3,1,3,0,2,24,1,33,4,NO
Public Class,io.seata.sqlparser.druid.DruidDelegatingSQLRecognizerFactory,2,0,3,1,3,0,2,24,1,33,4,NO
Public Class,io.seata.sqlparser.druid.DruidIsolationTest,8,0,1,0,2,0,2,19,1,0,3,NO
Public Class,io.seata.sqlparser.druid.DruidSQLRecognizerFactoryTest,5,0,1,0,1,0,1,11,1,0,1,NO
Public Class,io.seata.sqlparser.druid.mysql.MySQLDeleteRecognizer,2,0,8,1,17,0,8,54,3,12,10,NO
Public Class,io.seata.sqlparser.druid.mysql.MySQLInsertRecognizer,6,0,7,1,16,0,7,76,3,14,17,NO
Public Class,io.seata.sqlparser.druid.mysql.MySQLOperateRecognizerHolder,5,0,4,0,4,0,4,21,1,0,5,NO
Public Class,io.seata.sqlparser.druid.mysql.MySQLSelectForUpdateRecognizer,3,0,7,1,16,1,6,56,3,71,9,NO
Public Class,io.seata.sqlparser.druid.mysql.MySQLUpdateRecognizer,4,0,10,1,19,0,10,83,3,9,17,NO
Public Class,io.seata.sqlparser.druid.MySQLDeleteRecognizerTest,6,0,10,0,12,0,10,225,2,0,12,NO
Public Class,io.seata.sqlparser.druid.MySQLInsertRecognizerTest,5,0,8,1,10,0,8,93,2,50,10,NO
Public Class,io.seata.sqlparser.druid.MySQLSelectForUpdateRecognizerTest,5,0,9,0,11,0,9,141,2,0,11,NO
Public Class,io.seata.sqlparser.druid.MySQLUpdateRecognizerTest,5,0,11,0,13,0,11,210,2,0,15,NO
Public Class,io.seata.sqlparser.druid.oracle.OracleDeleteRecognizer,2,0,6,1,13,0,6,39,3,16,6,NO
Public Class,io.seata.sqlparser.druid.oracle.OracleInsertRecognizer,7,0,7,1,14,0,7,81,3,14,18,NO
Public Class,io.seata.sqlparser.druid.oracle.OracleOperateRecognizerHolder,5,0,4,0,4,0,4,21,1,0,5,NO
Public Class,io.seata.sqlparser.druid.oracle.OracleSelectForUpdateRecognizer,3,0,7,1,14,1,6,56,3,71,9,NO
Public Class,io.seata.sqlparser.druid.oracle.OracleUpdateRecognizer,4,0,8,1,15,0,8,75,3,12,15,NO
Public Class,io.seata.sqlparser.druid.postgresql.PostgresqlDeleteRecognizer,2,0,6,1,13,0,6,39,3,16,6,NO
Public Class,io.seata.sqlparser.druid.postgresql.PostgresqlInsertRecognizer,9,0,7,1,14,0,7,90,3,14,20,NO
Public Class,io.seata.sqlparser.druid.postgresql.PostgresqlOperateRecognizerHolder,5,0,4,0,4,0,4,22,1,0,5,NO
Public Class,io.seata.sqlparser.druid.postgresql.PostgresqlSelectForUpdateRecognizer,3,0,7,1,14,1,6,56,3,71,9,NO
Public Class,io.seata.sqlparser.druid.postgresql.PostgresqlUpdateRecognizer,4,0,8,1,15,0,8,75,3,12,15,NO
Public Class,io.seata.sqlparser.druid.SQLOperateRecognizerHolderFactory,3,0,0,0,1,0,1,7,1,0,2,NO
Public Class,io.seata.sqlparser.SQLParsingException,0,0,3,0,3,0,3,11,2,0,3,NO
Public Class,io.seata.sqlparser.struct.NotPlaceholderExpr,0,0,2,0,3,1,2,12,1,66,3,NO
Public Class,io.seata.sqlparser.struct.Null,0,0,2,0,3,1,2,12,1,66,3,NO
Public Class,io.seata.sqlparser.struct.SqlDefaultExpr,0,0,2,0,3,1,2,12,1,66,3,NO
Public Class,io.seata.sqlparser.struct.SqlMethodExpr,0,0,2,0,3,1,2,12,1,66,3,NO
Public Class,io.seata.sqlparser.struct.SqlSequenceExpr,0,0,6,2,6,0,6,21,1,50,6,NO
Public Class,io.seata.tm.api.APITest,7,0,7,0,8,0,8,140,1,0,11,NO
Public Class,io.seata.tm.api.DefaultFailureHandlerImpl,6,0,5,1,5,1,4,63,1,40,7,NO
Public Class,io.seata.tm.api.DefaultGlobalTransaction,11,1,15,4,15,2,11,179,1,56,45,NO
Public Class,io.seata.tm.api.GlobalTransactionContext,6,0,1,0,5,1,4,29,1,0,7,NO
Public Class,io.seata.tm.api.transaction.MyRuntimeException,0,0,1,0,1,0,1,5,2,0,1,NO
Public Class,io.seata.tm.api.transaction.NoRollbackRule,0,0,5,0,13,0,5,21,2,0,5,NO
Public Class,io.seata.tm.api.transaction.NoRollbackRuleTest,2,0,1,0,1,0,1,13,1,0,1,NO
Public Class,io.seata.tm.api.transaction.RollbackRule,1,1,8,1,8,1,7,53,1,12,15,NO
Public Class,io.seata.tm.api.transaction.RollbackRuleTest,4,0,10,0,10,0,10,55,1,0,13,NO
Public Class,io.seata.tm.api.transaction.SuspendedResourcesHolder,0,0,2,1,2,0,2,13,1,0,3,NO
Public Class,io.seata.tm.api.transaction.TransactionHookAdapter,0,0,7,0,7,0,7,23,1,0,7,NO
Public Class,io.seata.tm.api.transaction.TransactionHookManager,1,0,1,0,4,1,3,25,1,0,7,NO
Public Class,io.seata.tm.api.transaction.TransactionHookManagerTest,2,0,5,0,5,0,5,32,1,0,6,NO
Public Class,io.seata.tm.api.transaction.TransactionInfo,4,0,13,6,13,0,13,62,1,83,17,NO
Public Class,io.seata.tm.api.transaction.TransactionInfoTest,4,0,2,0,2,1,1,28,1,0,2,NO
Public Class,io.seata.tm.api.TransactionalTemplate,15,0,18,0,18,17,1,200,1,0,53,NO
Public Class,io.seata.tm.api.TransactionTemplateTest,10,0,10,1,10,3,7,96,1,60,12,NO
Public Class,io.seata.tm.DefaultTransactionManager,22,0,6,0,6,1,5,50,1,0,8,NO
Public Class,io.seata.tm.TMClient,1,0,0,0,2,0,2,9,1,0,2,NO
Public Class,io.seata.tm.TransactionManagerHolder,3,0,1,0,3,1,2,25,1,0,4,NO
Public Class,io.seata.xa.XAModeTest2,12,0,28,0,28,14,14,410,1,0,44,NO
Public Class,LocalTransactionWithGlobalLockDataSourceBasicTest,7,0,10,0,13,1,12,171,1,71,14,NO
Public Class,ServerTest,6,0,0,0,1,0,1,13,1,0,1,NO
Public Class,WriteStoreMultithreadTest,5,0,0,0,2,1,1,137,1,33,5,NO
Public Class,WriteStoreTest,7,0,0,0,4,3,1,178,1,75,13,NO
Public Abstract Class,io.seata.config.AbstractConfiguration,1,8,23,0,23,0,23,97,1,0,22,NO
Public Abstract Class,io.seata.core.exception.AbstractExceptionHandler,4,2,1,0,1,0,1,41,1,0,3,NO
Public Abstract Class,io.seata.core.lock.AbstractLocker,3,4,5,0,5,0,3,37,1,0,7,NO
Public Abstract Class,io.seata.core.protocol.AbstractIdentifyRequest,1,2,10,4,13,0,10,38,2,72,10,NO
Public Abstract Class,io.seata.core.protocol.AbstractIdentifyResponse,1,2,7,3,14,0,7,42,3,57,7,NO
Public Abstract Class,io.seata.core.protocol.AbstractMessage,2,5,1,1,3,0,3,24,1,100,4,NO
Public Abstract Class,io.seata.core.protocol.AbstractResultMessage,1,2,4,2,7,0,4,16,2,50,4,NO
Public Abstract Class,io.seata.core.protocol.transaction.AbstractBranchEndRequest,1,2,11,5,16,0,11,56,4,72,11,NO
Public Abstract Class,io.seata.core.protocol.transaction.AbstractBranchEndResponse,1,2,7,3,16,0,7,42,4,57,7,NO
Public Abstract Class,io.seata.core.protocol.transaction.AbstractGlobalEndRequest,0,4,5,2,10,0,5,26,4,40,5,NO
Public Abstract Class,io.seata.core.protocol.transaction.AbstractGlobalEndResponse,1,4,3,1,12,0,3,22,4,0,3,NO
Public Abstract Class,io.seata.core.protocol.transaction.AbstractTransactionRequest,2,5,1,0,4,0,1,3,2,0,0,NO
Public Abstract Class,io.seata.core.protocol.transaction.AbstractTransactionRequestToRM,1,2,1,1,5,0,1,6,3,0,1,NO
Public Abstract Class,io.seata.core.protocol.transaction.AbstractTransactionRequestToTC,1,4,1,1,5,0,1,5,3,0,1,NO
Public Abstract Class,io.seata.core.protocol.transaction.AbstractTransactionResponse,1,9,2,1,9,0,2,9,3,0,2,NO
Public Abstract Class,io.seata.core.rpc.netty.AbstractNettyRemoting,14,2,19,11,19,1,9,213,1,92,45,NO
Public Abstract Class,io.seata.core.store.db.AbstractDataSourceProvider,6,3,13,1,14,1,3,116,1,84,29,NO
Public Abstract Class,io.seata.core.store.db.sql.log.AbstractLogStoreSqls,1,3,15,0,15,0,15,97,1,0,9,NO
Public Abstract Class,io.seata.discovery.loadbalance.AbstractLoadBalance,1,4,2,0,2,0,1,13,1,0,3,NO
Public Abstract Class,io.seata.integration.http.AbstractHttpExecutor,2,2,10,0,12,2,4,85,1,0,14,NO
Public Abstract Class,io.seata.rm.AbstractResourceManager,16,4,5,0,5,0,5,53,1,0,11,NO
Public Abstract Class,io.seata.rm.AbstractRMHandler,17,5,9,0,10,0,6,82,2,0,12,NO
Public Abstract Class,io.seata.rm.datasource.AbstractConnectionProxy,11,1,55,2,55,0,55,257,1,50,59,NO
Public Abstract Class,io.seata.rm.datasource.AbstractDataSourceCacheResourceManager,1,1,4,1,9,0,4,16,2,33,3,NO
Public Abstract Class,io.seata.rm.datasource.AbstractDataSourceProxy,0,1,10,1,10,0,10,39,1,9,10,NO
Public Abstract Class,io.seata.rm.datasource.AbstractPreparedStatementProxy,3,2,57,1,111,1,55,282,3,94,58,NO
Public Abstract Class,io.seata.rm.datasource.sql.struct.cache.AbstractTableMetaCache,4,3,4,0,4,0,2,47,1,0,10,NO
Public Abstract Class,io.seata.rm.datasource.undo.AbstractUndoExecutor,19,10,12,1,12,0,3,198,1,60,46,NO
Public Abstract Class,io.seata.rm.datasource.undo.AbstractUndoLogManager,25,3,9,0,15,0,7,228,1,0,46,NO
Public Abstract Class,io.seata.rm.datasource.undo.BaseExecutorTest,3,6,0,0,1,0,0,10,1,0,2,NO
Public Abstract Class,io.seata.rm.datasource.undo.BaseH2Test,7,2,1,0,7,1,2,76,1,66,11,NO
Public Abstract Class,io.seata.rm.datasource.undo.BaseUndoLogParserTest,11,5,5,1,12,0,2,138,2,50,5,NO
Public Abstract Class,io.seata.rm.datasource.xa.AbstractConnectionProxyXA,4,1,52,5,52,0,52,235,1,78,52,NO
Public Abstract Class,io.seata.rm.datasource.xa.AbstractDataSourceProxyXA,3,2,3,0,25,0,2,22,2,0,5,NO
Public Abstract Class,io.seata.rm.tcc.remoting.parser.AbstractedRemotingParser,1,4,1,0,1,0,1,6,1,0,1,NO
Public Abstract Class,io.seata.saga.engine.db.AbstractServerTest,2,1,0,0,2,0,0,40,1,50,3,NO
Public Abstract Class,io.seata.saga.statelang.domain.impl.AbstractTaskState,1,2,22,11,34,0,22,157,2,90,23,NO
Public Abstract Class,io.seata.saga.statelang.domain.impl.BaseState,1,5,12,6,12,0,11,49,1,83,12,NO
Public Abstract Class,io.seata.saga.statelang.parser.impl.AbstractTaskStateParser,3,4,3,0,4,0,0,65,2,0,14,NO
Public Abstract Class,io.seata.saga.statelang.parser.impl.BaseStatePaser,1,5,1,0,1,0,0,7,1,0,1,NO
Public Abstract Class,io.seata.serializer.seata.protocol.AbstractIdentifyRequestCodec,2,2,4,0,6,0,3,98,2,0,20,NO
Public Abstract Class,io.seata.serializer.seata.protocol.AbstractIdentifyResponseCodec,2,2,3,0,8,0,3,37,3,0,8,NO
Public Abstract Class,io.seata.serializer.seata.protocol.AbstractMessageCodec,0,5,0,0,2,0,2,18,1,0,3,NO
Public Abstract Class,io.seata.serializer.seata.protocol.AbstractResultMessageCodec,4,2,3,0,5,0,3,42,2,0,8,NO
Public Abstract Class,io.seata.serializer.seata.protocol.transaction.AbstractBranchEndRequestCodec,3,2,3,0,7,0,3,97,4,0,20,NO
Public Abstract Class,io.seata.serializer.seata.protocol.transaction.AbstractBranchEndResponseCodec,3,2,3,0,11,0,3,38,4,0,6,NO
Public Abstract Class,io.seata.serializer.seata.protocol.transaction.AbstractGlobalEndRequestCodec,2,4,3,0,7,0,3,46,4,0,9,NO
Public Abstract Class,io.seata.serializer.seata.protocol.transaction.AbstractGlobalEndResponseCodec,3,4,3,0,11,0,3,19,4,0,3,NO
Public Abstract Class,io.seata.serializer.seata.protocol.transaction.AbstractTransactionRequestCodec,2,2,1,0,3,0,1,6,2,0,1,NO
Public Abstract Class,io.seata.serializer.seata.protocol.transaction.AbstractTransactionRequestToRMCodec,2,2,1,0,4,0,1,6,3,0,1,NO
Public Abstract Class,io.seata.serializer.seata.protocol.transaction.AbstractTransactionRequestToTCCodec,2,4,1,0,4,0,1,5,3,0,1,NO
Public Abstract Class,io.seata.serializer.seata.protocol.transaction.AbstractTransactionResponseCodec,3,6,3,0,8,0,3,19,3,0,3,NO
Public Abstract Class,io.seata.server.AbstractTCInboundHandler,23,1,17,0,18,1,8,203,2,0,11,NO
Public Abstract Class,io.seata.server.auth.AbstractCheckAuthHandler,6,1,4,0,4,0,4,20,1,0,4,NO
Public Abstract Class,io.seata.server.coordinator.AbstractCore,20,5,21,2,21,1,15,156,1,92,30,NO
Public Abstract Class,io.seata.server.lock.AbstractLockManager,7,3,9,0,9,0,4,99,1,0,22,NO
Public Abstract Class,io.seata.server.session.AbstractSessionManager,11,3,18,2,18,1,17,115,1,75,31,NO
Public Abstract Class,io.seata.server.store.AbstractTransactionStoreManager,2,4,4,0,4,0,4,17,1,0,4,NO
Public Abstract Class,io.seata.sqlparser.druid.AbstractRecognizerTest,0,4,2,0,2,0,2,7,1,0,1,NO
Public Abstract Class,io.seata.sqlparser.druid.BaseRecognizer,0,3,3,1,3,0,3,29,1,33,7,NO
Public Abstract Class,io.seata.sqlparser.druid.mysql.BaseMySQLRecognizer,3,4,6,0,9,0,4,105,2,0,21,NO
Public Abstract Class,io.seata.sqlparser.druid.oracle.BaseOracleRecognizer,2,4,4,0,7,0,4,41,2,0,6,NO
Public Abstract Class,io.seata.sqlparser.druid.postgresql.BasePostgresqlRecognizer,2,4,4,0,7,0,4,42,2,0,6,NO
Class,io.seata.common.loader.ExtensionDefinition,2,0,6,4,6,0,6,54,1,37,16,NO
Class,io.seata.compressor.lz4.Lz4UtilTest,1,0,2,0,2,0,2,13,1,0,4,NO
Class,io.seata.config.ConfigurationFactoryTest,2,0,1,0,1,0,0,6,1,0,1,NO
Class,io.seata.config.FileConfiguration.ConfigOperateRunnable,5,0,3,1,3,1,2,51,1,33,15,NO
Class,io.seata.config.FileConfiguration.FileListener,7,0,4,2,4,0,3,45,1,62,13,NO
Class,io.seata.config.FileConfigurationTest,3,0,3,0,3,0,0,20,1,0,4,NO
Class,io.seata.config.ProConfigurationFactoryTest,3,0,1,0,2,0,1,20,1,0,2,NO
Class,io.seata.config.RegistryConfigurationFactoryTest,3,0,1,0,2,0,1,17,1,0,2,NO
Class,io.seata.config.YamlConfigurationFactoryTest,3,0,1,0,2,0,2,20,1,0,2,NO
Class,io.seata.core.event.GuavaEventBusTest.test.TestEvent,0,0,2,1,2,0,2,9,1,0,2,NO
Class,io.seata.core.event.GuavaEventBusTest.test.TestSubscriber,2,0,1,0,1,0,1,6,1,0,1,NO
Class,io.seata.core.rpc.netty.NettyBaseConfigTest,2,0,2,0,2,0,0,15,1,0,3,NO
Class,io.seata.core.rpc.netty.NettyClientChannelManager,13,0,12,5,12,4,0,171,1,66,40,NO
Class,io.seata.core.rpc.netty.NettyClientChannelManagerTest,4,0,13,8,13,4,0,114,1,63,15,NO
Class,io.seata.core.rpc.netty.RmNettyClientTest,2,0,2,0,2,1,1,26,1,0,3,NO
Class,io.seata.core.rpc.netty.v1.HeadMapSerializerTest,1,0,2,0,2,0,2,52,1,0,2,NO
Class,io.seata.integration.http.HttpTest,6,0,8,0,9,3,2,159,1,0,19,NO
Class,io.seata.integration.motan.MotanTransactionFilterTest,3,0,3,0,3,1,1,49,1,0,3,NO
Class,io.seata.rm.datasource.SqlGenerateUtilsTest,1,0,1,0,1,0,0,14,1,0,1,NO
Class,io.seata.rm.datasource.undo.parser.ProtostuffUndoLogParserTest,3,0,1,1,13,0,1,6,3,0,1,NO
Class,io.seata.rm.datasource.undo.TestUndoExecutor,2,0,3,1,15,0,1,15,2,33,4,NO
Class,io.seata.rm.datasource.undo.UndoLogParserFactoryTest,2,0,1,0,1,0,0,5,1,0,1,NO
Class,io.seata.rm.datasource.undo.UndoLogParserProviderTest,8,0,1,0,1,0,0,25,1,0,2,NO
Class,io.seata.sqlparser.druid.DefaultDruidLoader,0,0,2,1,3,1,1,56,1,33,12,NO
Class,io.seata.sqlparser.druid.DruidDbTypeParserImpl,0,0,1,0,1,0,1,6,1,0,1,NO
Class,io.seata.sqlparser.druid.DruidIsolationClassLoader,2,0,3,0,6,3,0,48,2,0,12,NO
Class,io.seata.sqlparser.druid.DruidLoaderForTest,0,0,1,0,1,0,1,10,1,0,2,NO
Class,io.seata.sqlparser.druid.DruidSQLRecognizerFactoryImpl,4,0,1,0,1,0,1,35,1,0,12,NO
Class,io.seata.tm.api.DefaultFailureHandlerImplTest,8,0,3,0,4,0,1,74,1,50,4,NO
Class,io.seata.tm.api.DefaultGlobalTransactionTest,5,0,4,0,5,0,5,56,1,0,5,NO
Class,io.seata.tm.api.GlobalTransactionContextTest,4,0,1,0,2,0,1,36,1,0,2,NO
Class,io.seata.tm.TransactionManagerHolderTest,2,0,1,0,1,0,0,7,1,0,2,NO